book_id,
6a61cc8b-3b31-401d-a0c6-a670652ef65e,
6a61eb65-8a2e-41ec-835d-d24a32781fc7,
6a6203d9-cf1b-46b4-aded-0b40de1b7d2d,
6a6204f9-d73f-483b-8133-f611b2ae6aa1,
6a621021-eda7-4dcb-97fa-80d52b252dd6,
6a621365-4c20-44fa-932e-98cf56bdefeb,
6a6261be-4f4c-4a3d-9401-827b3b71e6dc,
6a62b6d0-62ca-4803-9bf9-0deb18a8dfaa,
6a62bc0e-b5ed-4871-ba27-2084a41d32bf,
6a62cf78-b4ce-46fc-925b-206deb6b3577,
6a62d19f-604a-40f9-a24f-4993a4d091a1,
6a62e776-9475-4e29-aecb-57c640475dc4,
6a62fe58-d7ae-4781-b298-c6f1950d2e82,
6a631308-fd83-41b4-a5e7-deb884d32499,
6a632a6d-97ef-46be-bef4-4a567a4c33b1,
6a6330c1-6cf7-4bf2-b3ba-f347779f0082,
6a6388a9-2f5a-459d-9299-f799b1afe5a9,
6a641767-50a6-4be7-9ba7-8b2a71fd84f7,
6a64237d-7ee1-432c-ba8e-300f1e03526e,
6a64660b-a0b4-44a8-8e2d-2e2541438304,
6a64704a-fdd0-405d-82ca-17147a22f0be,
6a64a8c5-2a29-4ae2-a3f5-6a8f869559bd,
6a656108-ccba-47b5-9126-5b4a94f9da78,
6a65670a-c339-4732-ac4c-245e343e76d3,
6a6574eb-1c85-4a23-aeaa-2f7bc15c39ed,
6a661b73-1c33-4a03-91fd-4ed12b41c6e7,
6a6622c4-30fc-47ba-9ea0-5633687a3a30,
6a662c84-a32e-4703-a9d9-ffc4135e4741,
6a6665d3-95a8-428e-8418-94d87fcb54aa,
6a669d65-772e-4d64-9959-4f09c508f058,
6a66feaa-4e9e-4974-a90d-06fffda04046,
6a66ff89-5f02-4f1d-9b3f-fae92a678be3,
6a671e88-9f92-44e0-9fce-91ad007a1f56,
6a674547-6af2-4576-8c12-b9f2457ee07a,
6a6751be-f836-4894-ae59-b0bc8407e90b,
6a6775cd-fc64-4c42-9bb0-92febac2b24b,
6a67777d-c9e3-4630-816d-bafb484f0f29,
6a679a16-379b-498e-a055-20c344e67caa,
6a67f960-3bf1-46c1-b92c-824d4ce31828,
6a6811f0-9f17-48df-806b-92190b402fd1,
6a682a20-5c55-4a55-80e5-793b3aeb12ef,
6a68afa8-ac2e-4b86-99c3-5addd1c7bb5d,
6a68b6a6-1ee9-4511-bf02-932a29804958,
6a68f568-ae45-4938-93b3-7d6b7ad7cead,
6a6916e9-ec68-419b-b2d6-63615bce228f,
6a692103-0493-44ec-bd70-315840d8202a,
6a698ba5-b627-4044-a89b-faad5d437388,
6a69ef1c-cf00-4832-9588-b4ae18f6713c,
6a6a1fad-0dae-4662-b191-5ea8b949abb7,
6a6a23f5-a5c4-4455-ba37-5c7d55b0eae2,
6a6a75e0-f88e-4a26-9755-877c32b9eaf2,
6a6b26c5-d27d-437f-890f-b4ba0422f7a9,
6a6b6f87-416e-47de-ac20-18d48797ec00,
6a6b7010-2859-4771-97d6-7cc7d46d738f,
6a6b71ab-7b92-4652-bc62-9eb60f62e917,
6a6b9442-1e65-4694-89be-d21d022ca41e,
6a6b9465-6886-423b-9ac7-07175122779b,
6a6d3f5d-e0f8-4c3f-8d35-a78b40799817,
6a6d5012-f786-43e5-84bf-4ed9e5f7c2d0,
6a6d9ef4-7012-484c-937d-97a352243f09,
6a6da2a6-509a-4798-927e-264914f3d78b,
6a6da57a-789f-4040-aadd-99181c122601,
6a6df6fc-02b3-4413-8809-93c689571f8e,
6a6e1840-a0ae-4245-bee3-9076e9ff121c,
6a6eb340-0b3e-4cdd-a302-23bfa078da60,
6a6ee685-4558-4813-8947-238f5929ea9e,
6a6f4391-2b9b-4bdd-a886-2284ef7b4fcf,
6a6f90af-971c-4e4c-bb38-0487ff83e1e3,
6a6fd194-5a87-4c28-9ac5-be2ad2b267d6,
6a705f2f-547f-4c08-a6b3-edf6e5ec1b70,
6a712dd3-222f-495e-bfb8-54ab500cba9b,
6a71b972-d4ce-4bc6-a248-45424fe560b4,
6a71d6cd-5934-4d50-b944-f4e39a18fb34,
6a720ed5-0b64-4d13-8f58-4ce5b42848d4,
6a723598-4193-48dc-ac29-0240376b014d,
6a723ba2-bb2d-43d0-ba80-164a6d60a5cc,
6a723bd4-824f-4f1e-bdec-3ff4663c5cde,
6a724942-c79b-4912-b22c-5d0fafc807e5,
6a72604e-930a-4d75-81bd-1bada6052814,
6a729a79-222c-4155-ae28-6938b2694059,
6a72a808-bf1b-4bef-bfe3-e3e1a19d29f6,
6a737527-861a-4fe9-bde5-249aa8ba10e2,
6a7376fc-325f-4f57-8f51-1520af3c9c94,
6a7385c0-7d7e-4e28-aed8-5208745e320d,
6a740931-9137-4cf8-9454-ac6834d9967f,
6a740fb0-ba27-487c-acce-dee4fde376e5,
6a74b00d-d261-429f-a8a2-227775984ffe,
6a74f6d6-3738-42f1-b6ac-c33ba4b4135f,
6a753df8-f944-4df0-a194-591cd37dae78,
6a757cfd-1031-4bb6-9b91-d60373f7be22,
6a76457f-4c4a-4422-be8a-276870665a36,
6a7662e7-b04b-4986-803a-e6dbb4b633a3,
6a7663b5-a8c4-42f5-a23a-50fa6f8d8444,
6a76730b-e051-46d4-8e9c-42d32fed623f,
6a76b01c-08c5-4f5b-811a-0af3685547e4,
6a77119b-5fce-4ab8-9129-bb77d7259391,
6a776d81-9b09-4c6c-92a5-94e56083a71f,
6a778b59-8e37-44fa-bc2e-cdf95bb819e9,
6a77c7fe-4f81-421a-9db7-18ad145d7008,
6a77c9aa-fd2c-4841-9122-34809c9c4237,
6a77cd68-ced4-408d-a20b-1f414fa4ba48,
6a782a0e-74ae-4563-8543-c97faf6f7f86,
6a783334-5b5e-42d7-a79e-02bebe491ae9,
6a789107-de98-4491-a55e-d56cafdfdbe7,
6a78acb4-c2b1-4b4e-8bd1-a278697707f6,
6a78b59a-c917-468e-89a7-f4dacbf470af,
6a791ae1-afc9-45d9-bbfe-7abe0f68779c,
6a794bb8-fad3-4b92-944d-f9f63a82406f,
6a7973fb-b53c-4b0a-b33a-99da75200224,
6a7a296f-6b4b-4664-aa22-a0d433cf6576,
6a7a4cc9-2941-4342-82ad-0e3af1837eed,
6a7a69da-7396-4da4-b0cf-478e78744b06,
6a7ade89-afcb-434a-8371-acf10c9d8a38,
6a7b2bee-db12-4c23-bbad-b7f084cc9db5,
6a7b46d5-95ee-4154-bb73-4f7359f71660,
6a7b788a-45cd-4b2c-b240-3498b16728b0,
6a7c855f-9344-40ec-9ab2-39c12ee1c9e0,
6a7ca8d5-0a77-4eba-b4a4-79617f6cbeea,
6a7cae93-78c4-4453-b7cc-af9f327f2ac7,
6a7cdef3-8e5b-4721-b5cb-71f939d0db98,
6a7d5417-3b62-4cb8-b101-abb5b47b82fc,
6a7d5ff4-3870-4efc-9f88-5d635e545d4f,
6a7d7c60-2bae-4666-81f6-75b043a9bf0f,
6a7db3c5-0026-4105-b28f-bbc2a4aa2d17,
6a7dce61-593d-4fad-9561-6cb1169fe331,
6a7dcef5-0b23-41b1-9db4-5476f8e709a4,
6a7e0bca-4440-434e-b8cc-937c5bf966b5,
6a7e0c63-f7c3-45aa-873e-02de48b26a43,
6a7e246e-901d-4557-93d4-4a49a6bce9af,
6a7e659c-b83a-4b9f-895d-d655f9f0ebfe,
6a7ebd3e-a337-45d8-aaf8-c43635a553d7,
6a7f2601-653c-4d1b-8c89-514a56743df4,
6a7f29ca-6502-4a0f-b843-f285145163bf,
6a7f4805-1dbc-41c8-8d48-7204f48eae2d,
6a7f858b-921f-4c8d-9ec0-0f05225017e9,
6a7f911c-9bff-4e29-bf6a-a5bd2772bc8e,
6a7fa170-6200-46d0-ba6b-7a9752fbe237,
6a7ffb75-22c1-430f-8b3c-7ad37cef2b4a,
6a7fff74-84ca-4289-a2f8-6a1e407e6a69,
6a80678e-dcdc-4941-a8f0-b95ae406ae1f,
6a807e4c-0c14-472e-ad64-6cba5b12758c,
6a80b1a5-e6f0-4a3c-9f03-6530a5343780,
6a80dfaf-3c12-44c8-976a-0f32b3b38899,
6a80e3d5-7ce1-4667-b255-882983e52893,
6a80f54a-ea39-4933-b884-d7699eda2f11,
6a81303c-64ca-4766-aaf4-5805d9cf6886,
6a8131bf-ae43-475f-8897-4114b6e3b35e,
6a81659e-bd6e-4609-a4ce-8e660ded78a3,
6a816f9d-a093-4186-9eb4-199c5488b8a5,
6a81b705-4a8a-47a4-80ea-ab702bce8e93,
6a81b974-3de8-4dae-b5a1-b0f042313e8e,
6a81b9c8-4efa-4016-8749-d2cf43f8e2c6,
6a81d7f3-7ae3-4ae7-9547-f211d291919d,
6a8203e2-3762-460b-a3b6-f937555e2cc5,
6a821ef1-6a27-41d5-87a6-efd924b3f76e,
6a824dd8-9854-4834-9084-2579257acfb5,
6a8258db-2914-4a3a-a9af-48be4990922d,
6a829569-366e-40c5-9513-179ba487387e,
6a82e4a7-64e8-49cb-8ef6-20ea63403cc1,
6a82f99a-c2a2-41f1-976a-7e95a1f815fa,
6a830271-e4a5-400e-85df-310dd5591313,
6a833ea0-a880-466c-8eff-15733fcd8ee3,
6a83d4a7-51e4-457e-93a1-189b4f81d509,
6a84328a-2a3e-4a6d-a4c7-dd7671aa4051,
6a846386-9a2a-4b13-9ecc-f47a8ea78509,
6a85208c-44ca-4529-b4a1-ddc657ffb9ab,
6a85a333-50e0-4092-9f9c-d6c7f8dbfd1b,
6a877514-2830-46d6-80e0-b2d4b97d4962,
6a87d6b0-2387-434b-8924-70e97e9735a1,
6a88800d-5793-4ca2-b1f4-78ad6f72cb74,
6a88d042-b3ab-4a7d-b866-9f5653608a75,
6a88e38c-4a48-4d5b-a970-0a2d1280f2ff,
6a897a0b-9eb5-42b5-8cb9-803c0181beaf,
6a89f9fe-564f-4dde-8ef1-cf115d9607ea,
6a8a3116-5c70-4811-83b9-46f8d441b6a5,
6a8a50bf-1b1b-4e5e-92e6-aab1bed60933,
6a8a6a27-4c8e-4bd8-8ea5-e48ae8d8a116,
6a8a70f0-59ed-4082-b7fb-5e174d375aa1,
6a8a843d-cc92-4e74-b7f4-aaec9d3bfd27,
6a8a866d-e6ad-4ff5-9110-ffd9382648a3,
6a8aa634-8100-4af8-88db-145df434b35e,
6a8b3b44-7fcc-4bd8-aa0b-7921370d3181,
6a8b8f99-6052-4a31-aa36-13f91ef4e1e2,
6a8b9d8b-758e-4b26-b13d-1e2150250323,
6a8b9e27-b1fd-4305-af53-d4088d519dfc,
6a8bd680-6ef7-46ab-af06-9f4d21400f31,
6a8c1de1-c648-4304-b219-ef7230b9b2c2,
6a8c4398-933c-41d9-b3de-55c29206c73b,
6a8c4d3b-5c3a-4897-a39e-ded7321dda7a,
6a8c4f9f-657f-4a98-8243-7c534bca6874,
6a8d6d15-b702-45be-94ae-5acb11844996,
6a8d6d53-c780-42dd-9d99-f4da198fd783,
6a8d9ae7-8aa0-4f15-89d9-744718648168,
6a8dc7d1-e088-4db2-a7c5-e3604fa7c70c,
6a8de160-5d53-4f13-97d1-7b91a20bbc8c,
6a8df931-d802-49dc-82b6-663503b85c2e,
6a8e10e4-044b-4fdb-9f39-51c83ce80127,
6a8e32df-26cd-4686-8ace-4171f07b28b0,
6a8e51e9-a0b3-4465-9e11-d286cda7a421,
6a8eb975-8249-4517-b55c-17e015e748f5,
6a8ebb01-c87f-45dc-b6b7-9091112d6f42,
6a8ec6fa-6ff2-4a73-8c7f-1f949d96872f,
6a8efe1a-03cb-42c9-a2da-e942bbf9f32c,
6a8f3d82-8efc-459e-b0f0-c6b41f77ef2c,
6a8f87ce-4d91-41e4-b3fd-9e4b309e8b81,
6a8fc165-6754-4c62-a34c-13101acc5044,
6a8fcb73-5c36-44ae-84a5-513bdc5316aa,
6a902541-791f-4544-be62-a372ec960be7,
6a9026fa-ea25-4e9b-ba2e-378b5399e733,
6a903aa6-08a8-4f3a-9949-e6c4c1cdd15c,
6a9059ac-4617-46e8-a390-17871cdf195b,
6a90c383-9238-489e-a83d-bf178207a2f2,
6a90e344-a490-406b-8c0e-474b951fd15d,
6a918559-9d97-45b1-a6ab-649cfa1fc758,
6a921a31-62dc-42ff-95a0-6b3154d178ad,
6a924670-b867-44ce-995e-44e501f67f41,
6a927b5f-0fb2-46a8-9aec-3fed9710ffcd,
6a92e3c0-69dd-44af-80d7-acc9050c3585,
6a92f6e8-b83a-4111-a0b9-ddb760344b5f,
6a930a15-1f3a-46a4-bd5f-51733276f5cc,
6a93753d-6173-4436-9d2c-ce646296509e,
6a938e7d-76b2-4edf-a19b-d1a6b15386b9,
6a9390c9-57fa-4ca6-8996-012517310429,
6a93997d-541b-4def-bad0-2ae4d597e920,
6a93c7fb-63d8-46fe-b3c3-95786b60a7d8,
6a9417bf-7a48-4258-9b38-f346b42c568d,
6a9423cd-b3b5-4bf9-b3cb-ed70259e3bcb,
6a948689-79aa-48eb-af94-ab7d530c1a45,
6a9584ab-6554-4bd7-9b65-3c074a9ce9a3,
6a9592a3-de73-4f95-8b52-049581984bec,
6a95a530-1348-4211-939d-095b1f62ad05,
6a95ec35-8137-4a9c-8f54-c50cd05df604,
6a95fe96-4ce9-4dca-88e6-86ac6243638b,
6a963239-56a2-4a42-84b8-b22c27b575b8,
6a966455-cc0e-493c-989e-409b118e8a56,
6a971457-4808-4930-b26b-f339b25f4509,
6a977c40-df3b-4cc8-ac8e-59135712ab88,
6a97a6c5-4d07-4614-a42c-5ea2ca0da644,
6a97d6c8-d15c-4d0e-b377-e5913461afc5,
6a97de6a-b7a4-428d-8c18-36d8427b1b25,
6a97f06e-9691-4211-9d23-c38024928360,
6a97ffb0-4811-4cb6-b2bf-510a8b48033d,
6a986cb7-5445-431d-8c51-77aec7a86651,
6a9966cd-58a2-471b-a0d4-e477f26e4012,
6a99721c-6a52-4c31-a84a-f83ae2f915bb,
6a99b911-7945-4007-8844-186d399c759a,
6a9a1074-da38-4560-b875-985efe6d144a,
6a9acc03-e378-4767-8c65-6efddf590c18,
6a9ae661-ffc4-42c8-a3a3-0d0ce64095fd,
6a9b1ef5-0e17-4a40-868f-bd8f1e903ecd,
6a9b2b57-081c-4aea-9e18-da10224ee7d2,
6a9b3cfc-b34a-4ffa-963b-d41d9612d1a8,
6a9ba113-edcd-4aa6-98de-544a0b17a92c,
6a9bcc03-b9e4-496e-a88a-861b187dd696,
6a9c367c-9833-453d-b427-2906ca0425ad,
6a9c6492-2aa8-4fed-bb03-6a6d53ebcf32,
6a9c839f-0774-4cc8-b3d4-21c3cf8b3e36,
6a9c9ef3-c12d-4429-85b9-e6a9d9ea1540,
6a9ca13f-19a5-4bdd-aa81-551c4127c43e,
6a9d1659-7398-4fbf-8be6-27efa3d96efd,
6a9d2038-f574-4923-93d7-bf73651789c2,
6a9d3667-c615-4e90-a10d-d44307aea4db,
6a9d3bb0-d83a-4f18-8d89-452c82c38bb0,
6a9d3e8e-686e-44be-b958-884b0685a7f8,
6a9d64f0-d936-42e3-9e12-359f9c3a63bb,
6a9d6a89-3472-44bb-a9c1-c43225865167,
6a9d7777-f1d5-4f9d-b1f6-733c209d588d,
6a9d7a14-2010-4931-9c05-3f6ec0b06d03,
6a9dcfe3-e876-455e-abdc-632ae0224bea,
6a9e3d73-d19e-4afe-99ce-2324bde2e7ee,
6a9e3fa5-c0cb-4e04-b0fb-6fe80cc6ace5,
6a9e7d52-6779-4171-8c25-9b6fba7df423,
6a9ee67f-fb30-45fb-b765-767b7859087d,
6a9ef1d0-14e9-481b-897f-778288052a21,
6a9ef304-1bfb-45f9-aee9-48ee44878fde,
6a9f33f0-0adc-4876-a36b-b170a0f0e769,
6a9f43b7-9b3f-472a-aa43-a8842089a3cb,
6a9f43ec-b9df-43e8-897e-89e9c4b498c2,
6a9f6ab9-23e3-4fdb-b489-728fdb39f04b,
6a9fd39d-f41f-41dd-9331-275f774be53b,
6aa05262-d40a-47eb-809d-d9d45606da17,
6aa06be3-4bd6-4ac4-8f78-89db19d252eb,
6aa1162d-3408-405f-af93-02b6df62a615,
6aa14a87-3b86-47a3-ac6f-b73bea8d881c,
6aa20a5b-b4bb-4b2d-9cec-fb14820f6a7b,
6aa20a8a-dfbd-420d-bd62-d5f50fe144a1,
6aa2493f-902a-4b40-bc7e-d288dc698caa,
6aa2646b-8456-481e-aeda-a6c74996b88f,
6aa315e1-2f5d-4af4-b2ae-d10e51325af6,
6aa337ac-31e7-4b01-a831-841087e9128b,
6aa3ac17-1e40-4b17-8da1-7f0f2ec37418,
6aa3bd4c-78a3-47df-8fca-91d3a9f6e4aa,
6aa3dbce-5fe2-44db-804b-4dfd2ae59e5e,
6aa41d77-54fe-4e5f-b45b-24cd4de8d4d0,
6aa461a9-a176-43c1-a8cc-9770cd31458d,
6aa4b75d-3fc6-4fd2-8b6e-e4dd9df3f6c1,
6aa51698-bd8c-448f-923e-0d064d76e33e,
6aa5bfe6-7498-4668-88ed-5ea29f397520,
6aa63603-5fb9-4be8-a30e-4c268d929dd3,
6aa63cc4-4752-470b-9f4b-d6b68124f784,
6aa6480a-6b2e-4334-9a26-0ba971d6f8b0,
6aa65420-aba0-46e8-b572-96446e724ace,
6aa67963-0c1c-4750-ae23-8bc4779bf032,
6aa6b0e8-f903-4eeb-8529-9b5aefb81457,
6aa6b8d0-b343-41e0-bc42-77c37c00f2f3,
6aa74247-d0f7-4491-a20a-5fa982f95456,
6aa7495b-50eb-4fce-8562-51dd3d8cd5a6,
6aa7ac8c-9153-498d-874f-8aed0771a93d,
6aa7f0a2-b180-4bc2-89c8-43efbd8fe597,
6aa7f5ed-a221-4b9c-a705-a8fd133356db,
6aa80886-54a8-46bb-a93f-f3bfd0cd0957,
6aa8499c-2134-4fdb-88a5-b43c755b2d96,
6aa86c3d-37e8-4b7b-9fb2-695c3f1d0023,
6aa8eef4-3ebb-4480-887e-577e9a73bcff,
6aa9341c-7d7d-442f-abc0-873c9320be6a,
6aaa143b-9185-478d-b6c1-7d8605e77c89,
6aaa3f30-4746-4852-b720-8771b40303c9,
6aaa8998-46bf-40fb-9f7c-a72ba67f1376,
6aaa8a93-9109-40db-abb7-b8c99cd58d46,
6aaae7e0-f5d3-4b04-8096-1bbf24051741,
6aab0d7e-b765-42b6-9002-6807dceb6895,
6aab265f-b336-4aec-85b9-017adc4ce2f1,
6aabf191-940d-47d6-948d-ac47cc3215a1,
6aac0e02-2264-4d43-a1f1-ef62882a37c4,
6aac43e5-948b-4a1c-a5db-7b6b6e2bed47,
6aac6ef1-d722-4821-b9bf-f6f3cca3a02f,
6aad18a4-e33a-4246-bd4b-69ad38bca9ca,
6aad4b3d-40e3-4340-b81d-5ae1afcad53b,
6aad5658-1519-4107-99fb-e3c4a5c4fe0d,
6aad6b1e-34b5-402a-be14-19e5b3cc9e67,
6aad72a4-eccf-42ea-ad2a-7de56eea0df7,
6aad82f6-5694-41e1-8a05-a5a31da04f6a,
6aae1b21-bf32-4454-ac5b-4343d88c8a1a,
6aae81b4-7d66-4fc3-a778-23364191a5a8,
6aae90f1-d331-4eee-98d4-9b6047106535,
6aaeaf51-0dea-4f77-bdf0-f32c48079beb,
6aaf88dd-61b4-467e-b9f0-c90d16173c32,
6aafd3d5-67ba-499e-b078-e3f73b7b77ad,
6ab02d8f-8acc-4867-8b29-16e9baff37d2,
6ab0930d-9011-4749-9a65-7debbc2b3fd7,
6ab1225e-7d2d-4d76-b337-0870f9b92453,
6ab1289d-a5b3-45eb-a561-fd6d720505d9,
6ab12995-69ba-437c-bc5b-7f7da478b6a4,
6ab12b10-0c84-44be-94ca-4beaab3ab141,
6ab154b2-7627-4553-82ef-d9c77eb4e8bf,
6ab1b70d-e039-46aa-9835-b72e95691e3a,
6ab1be9f-c2b3-443b-b5b2-0b0676219045,
6ab1ccab-f713-47b5-b001-2943ba96eaa9,
6ab29e70-23d7-4534-930a-f57694aa0dfd,
6ab30177-9a2e-4a51-b0a6-109f6dbdd1b0,
6ab33cdc-d1b4-48b4-8ff9-77d1b3de9c00,
6c636ce1-a32b-4955-aa69-0737b1a1b5bb,
6c6398b6-40fd-436d-af94-b33b41f04fec,
6c64127e-6bee-46b0-b055-9efb928e9619,
6c642df0-e744-4241-ac3f-ab8e751d5451,
6c645908-fb12-407a-bb2c-d0716e5683f9,
6c64636b-5d03-483c-a408-4617bc069bb0,
6c64a30d-b415-4ec8-8ad5-39655e08f33d,
6c64c047-77cf-443c-878d-58973fd5d354,
6c64cb7c-74d9-4520-898c-b5c08131e767,
6c652fc4-fe49-4f67-ae1f-7080ce66e3b4,
6c658be1-ccdc-4d41-981f-0ce7ea2a3112,
6c6631aa-cf67-4712-9087-304791dd5027,
6c66d804-bd23-410d-885d-f31b67b71c81,
6c66e9c8-2915-454d-ab88-375e3fb38c76,
6c670519-fbd6-4805-82ef-1cd1b7f67b71,
6c671f82-d28d-44e7-8df1-706f315b6af1,
6c6738b6-be6f-4e3c-9434-6f0058b6374e,
6c685f9a-ec82-4d81-b4f9-ab034ecfce7a,
6c68f270-d841-49ba-a683-6e09079a2e67,
6c694278-44da-420a-935f-ce8df17d68c5,
6c69a61c-873a-4755-87c2-1d808a519a92,
6c69b835-dbdd-4f85-ba35-6b9234b2c7af,
6c69c624-036d-4b10-90fb-25c4b37efc75,
6c6a5560-7a8d-4b6e-b005-a73e0f0bf36c,
6c6a7a84-d63b-45c7-badf-14fbd3a95ddd,
6c6a8243-4ee1-4d98-8b57-e3d5132ec691,
6c6aa563-4d1b-4a76-9be4-39acccb8fc92,
6c6b7e2c-e684-4387-8bc0-f023b3c3195b,
6c6b88b8-6e2c-4e9e-977d-ba5a2dc93c04,
6c6ba729-4b8a-4451-9758-90fcc570d43c,
6c6c7095-8ae3-4a11-9291-b74f0d9dec49,
6c6d126d-dd50-400b-8bec-a77e1e81bab1,
6c6d3ff1-63cd-466d-a375-6477c3ec0ffa,
6c6d6aa7-8221-4d90-9eae-ce69e84fdd07,
6c6d7b37-7b1b-4360-b1f5-498f7948846c,
6c6d80f9-70e0-4818-b180-83dfaad0111e,
6c6df4fb-6bb3-4277-8a32-267fb79bcfac,
6c6e626a-9784-47bf-8a60-bd2f4c5d9b9a,
6c6e68bc-acaa-4483-88f0-1004ce954b56,
6c6eb9dd-7ed1-4b4f-90ee-8b154de6c26e,
6c6eced4-9992-404d-b456-1030e88d3c95,
6c6f3e46-d5b4-4c25-abe1-bf62c323025e,
6c6f7139-b9a4-4927-8776-6f95d8e75c0a,
6c6f81c2-dc67-4e12-a7a7-73ec16faf0d4,
6c6f8736-16c8-4d37-a22c-fc099486f47c,
6c6f94ed-827a-47c3-9f82-2b4aedbc3c27,
6c6fa02b-564d-46f3-b27b-0f79f39387dc,
6c701b86-2b8f-44b7-b5e7-906903e6ea4c,
6c70221a-be9f-4777-affe-72c7412ccd2a,
6c7040d3-aac7-4e5c-b130-cf87d5f3d7e2,
6c70cba2-f104-49c3-a6a4-ae1f3ea27b12,
6c70e50f-e2df-4ae5-bb1b-28ca2941ce42,
6c70f4c7-aa1b-4a1e-bbb7-515cb5ad66b6,
6c7132a3-a7e0-4b52-b2e8-59c120ae7dc3,
6c718932-a021-49da-bf81-0b1a77caac7f,
6c71efd1-f6b9-46f4-91f4-af7beaeeb88e,
6c721b61-74b1-4cb4-88d7-026edf7ee9bf,
6c72ba18-5a82-414a-99ce-475ba58d7b7f,
6c72bb11-7974-45e9-8f93-b7480ebbf4a8,
6c72c8d1-c135-451f-9a01-8d6d9a17fdf3,
6c72cc2a-56e0-4e74-b59b-9b0749dceafb,
6c73be29-5794-4711-aa31-00d5ca3ca1ee,
6c741361-0792-4302-a124-0816ece28f77,
6c74301a-0686-4e29-9612-f2c22c699ec6,
6c74c684-2782-4f35-8292-b183840ebf96,
6c74f1c5-8a28-498c-9eb6-f5b1be0a15b9,
6c74fbaf-eedc-4902-a7e5-7e8ac89d5ccc,
6c751347-909c-4e2e-8510-94e978f430ec,
6c7549dd-1a41-4011-829e-2aea688ab87d,
6c75da92-5789-4607-aefd-aa46583988a2,
6c75ea7d-9881-496c-958a-e7c48b3d1bdd,
6c7634b2-4093-4ea1-a4f4-64262fd4c304,
6c767b40-c60c-4118-9b47-2a48bd31b278,
6c76810b-8def-4019-97b0-36153e0e2b1a,
6c76c49e-579d-47d6-9c00-bd0fbb4d0753,
6c76d26d-745b-4999-9c56-4e09cc3f92f3,
6c76df6a-a948-4534-b4f8-9464512120aa,
6c76f075-74f2-4cbe-b2a9-27f0b819780a,
6c77096a-04e1-4885-abbb-5d0a8ea71939,
6c7782d0-9fd3-4a79-b428-50dbdf4adf8b,
6c77a349-9952-4ef7-ba50-0f08a97f1e8f,
6c77e075-a875-46e6-a653-998a7cd08210,
6c77e784-48fc-4edb-8f56-526095915139,
6c77fecf-f2e8-459c-8c38-659bc88db8a3,
6c782be0-7655-4a6e-870b-d3f2ce58a350,
6c78484f-e2d0-40e8-881b-737c9d43af73,
6c789594-7985-4145-8513-2b6fbdfb3ebf,
6c78ad69-1651-4d1e-8c35-f7ada4b6b18d,
6c795230-d47a-4d60-a18d-25ab9ecf71c8,
6c79ac27-6158-4e95-a701-e9cf53a7540a,
6c79f404-5856-47cc-82d1-cd4e53670b13,
6c7a2b0d-434e-4e04-b09e-1a2d644dbbf1,
6c7a4704-4918-4e09-8012-6fffe6e5e0cd,
6c7b20e2-4076-49a1-bd6e-778e1c7e9b72,
6c7b9618-cbc8-4d0a-b63c-1eb935f8b28b,
6c7c23ee-dca1-4cd5-b92d-581ddf3a4e90,
6c7c27a0-7e0c-4f14-a46e-b8f8d06281e2,
6c7c4ac7-74d0-4a2a-b56d-2acc0435ab6d,
6c7c56c9-4231-4544-901a-840b144773f5,
6c7c99da-acb9-473b-b868-231e64c2b67d,
6c7cc2f3-6436-4c94-8125-7a1629ffeef1,
6c7d4993-953e-491e-be83-9400eb4ecf9d,
6c7d74bd-f4c9-4bf2-98e7-4f5c831d69e7,
6c7dad50-7aaa-4658-8cdb-0aae8d8303e4,
6c7db786-06a6-4279-a061-ea07b249be5f,
6c7db896-9131-41c6-ab4a-61226ff238cd,
6c7dbeed-24a1-46eb-a9a8-83933ce5ade1,
6c7dce64-e904-42e3-86b8-b109b1855016,
6c7dea43-3c3d-40d4-b293-ba84a2cb0553,
6c7e1cd1-9fd0-4be4-a7a3-8cf06e6ba415,
6c7e20ef-a7f0-43ce-b95f-4f3e394cf562,
6c7e3c4b-f819-4e35-9149-36dd05eeb09d,
6c7e4411-3e58-4c94-be58-235af9f438d4,
6c7e5493-c9c3-4726-9ee9-3801b7d68f9d,
6c7e5b16-1723-41ef-bce4-359468d5273a,
6c7ec397-db35-4281-8522-5d0b623dcd30,
6c7ece86-a645-49bb-ad62-2b91ef7492c0,
6c7ecf64-f8e3-4646-9979-8565ba6c42c2,
6c7ee325-e9f3-42fd-ba04-77090c8baa78,
6c7f9358-98e5-45c7-85cc-3fa18cd6b822,
6c7ff480-1a30-4747-ab1b-d9a24a3e1f17,
6c800deb-a040-4ebf-be40-7f5f8d698710,
6c80b8f1-2f9a-4899-b406-eccbe50f0884,
6c80c835-db39-4a57-91f9-ee22b71e22a8,
6c8159a5-8b9a-4126-a6d6-6117d6c582d4,
6c816c11-ae63-4298-8c80-b62f5d12bcbc,
6c817fef-b195-48bc-afcf-f7965bf8702b,
6c819706-f57d-4cae-8048-3dc6c00ea0f4,
6c81e6bd-0e86-4f2c-bea8-adf81d1aa0a2,
6c821ca2-8d5d-48b2-8ea9-6bbf9efb5be2,
6c828855-e7a3-45d9-9bee-125f1c414881,
6c8426a4-f16e-49b2-94ef-2157437b3684,
6c846107-b3b0-4a2e-ba11-50074b796390,
6c849762-837e-44a0-80fd-c64143531cb7,
6c84a5aa-e259-41c6-a3c0-daad45f7dd55,
6c84b8d5-ab96-40db-9d9e-183f6610a8b4,
6c84e568-e7ec-456e-adc8-1aaacfb45685,
6c851828-848f-4119-a9fd-60f733e7d454,
6c8550c2-7fea-4cef-a449-802a39462806,
6c85b271-0cea-4131-b4db-16c7d099d0aa,
6c85e2d8-2ad8-4137-93e0-491e6331c431,
6c85f2a3-1dcf-4cfc-8481-add9fc2b5046,
6c860690-20c5-444a-9563-68ed3f5f5226,
6c861407-b1a1-4986-93a7-13403123f0dd,
6c8632ab-f393-41cf-bae6-8e96d2c74580,
6c86ba1a-f694-4c91-90bf-066e7b44a63d,
6c86c2c0-0a8d-4f5d-9e42-d30698efc0dd,
6c86cff9-e0e0-4840-9a01-b66d0e73d0e7,
6c86fd3b-cc04-4e27-bff9-1c18a1dc6833,
6c8703a2-f415-4e01-a29b-531658a6fd19,
6c8757ae-c10d-4f7e-b89e-ea6eb86370c7,
6c875bc1-c1fc-4bdd-af9b-7087e53e3b54,
6c87a505-e827-4cd8-92ae-a6c73e89b64f,
6c87d63d-3933-498b-b49e-962c32bd8ac7,
6c88ac09-521d-4649-a605-661cae83d9ed,
6c88da6d-176d-4e36-b4e8-b71d53dbde21,
6c88ef2f-7493-4f61-9a0b-ec8aad9c8657,
6c8944e4-40a6-47a3-b13f-393dc171d660,
6c894730-571e-42a9-af92-88f8c8a2bdd2,
6c89a0cd-f668-4d77-98d9-c004d210ebe1,
6c89ad64-a6dc-4ef6-b8b0-1315cd900c27,
6c89efee-8173-40c2-992c-c995c527bba5,
6c8a0f32-fbec-46c5-960b-665e2343b241,
6c8a220e-7871-4417-a897-8c5fc1c78d70,
6c8a36bf-7ad0-4db8-aa96-0c69a968b8b6,
6c8a3785-ffb6-4efb-8483-de8378699c8e,
6c8a456d-0977-4e07-aed4-2dd36f8f3a8b,
6c8a68e6-b257-475f-b644-cc82ebf6d078,
6c8adc70-0e0d-4522-bb74-ae37e6ce678f,
6c8b5836-7db6-436d-abf4-4d465a8a8e36,
6c8bb17f-b8f6-4552-8420-446149e13f8f,
6c8bdb25-cbb5-44fd-89b3-f1760c802cfd,
6c8c37ed-e99f-41e6-a2e6-5972c9fb301b,
6c8c5148-6b9e-4e96-b6c1-b9fa946247ec,
6c8cf6d8-7093-43fd-af60-2b985c430173,
6c8cfacf-03c4-480b-a562-8853b640f7e9,
6c8d2a7c-8a61-441b-99de-fd5b0e15f444,
6c8dab76-b986-4318-91ba-364b7747f8b9,
6c8dd7ed-4f1f-4c16-8409-8e906c6990b0,
6c8e6a77-3b7a-42c6-997f-97d303b5d81d,
6c8ea44f-8b03-44bf-b600-99f0d68ce92a,
6c8ee675-450e-4848-b1aa-71e13d4e3382,
6c8f0c82-8b43-477c-8c9d-d576230595e6,
6c8f6ec8-6b3d-4db9-8f53-a0041059c7e1,
6c8fa4d9-3c54-4934-8107-8f54afac7348,
6c8fb3b4-25f6-4e9f-b617-a88316866bf0,
6c8fb41d-9eab-46a6-b77d-3664b486dec3,
6c8fcf27-1c82-440a-bb07-fcb269bc6db3,
6c8fff3b-bf50-4a8e-a381-30f135a344e4,
6c9055df-307f-4c2f-a450-182c438ea757,
6c90582b-52d3-42c6-98f9-464f86d027cd,
6c90a4f6-e7d8-479e-a88b-b8cedd3623bb,
6c90ea31-5750-497f-8eb7-95ef9c41d487,
6c910cda-5e40-4ce5-b8f3-67f81bcd034d,
6c910ea9-0a40-4bca-8c5d-4256ecda7e9e,
6c912061-26cb-4b58-9651-a9a886b3937c,
6c9186c7-34e3-466b-9a1c-32bebc2523e1,
6c91874e-416b-48ac-aec9-7dafaa8de5fa,
6c91c875-3df8-4b13-9438-b265381c8af9,
6c91d0e0-48d8-4941-9053-a76e8fe43238,
6c91de1d-f3a8-493a-a4bb-58d543f0b9ac,
6c9221f1-1826-48e2-8868-8a478755a15c,
6c925bd6-fe24-4870-aa43-fc0f539d6dc3,
6c92857f-cf7d-4ade-94c7-9ae8785fbae7,
6c92aebf-480b-4b8e-83c4-51fb767ae9b9,
6c92b729-0f2d-49f7-8a33-83e05daae4e1,
6c936c60-c094-4107-afec-0d8fa5642c5d,
6c937a4e-956c-4fc0-89ce-0dcf13ca52f9,
6c94144b-4600-4ab1-a6f4-aa51346fcd02,
6c942817-d2be-4085-9350-5df10e67699b,
6c943360-a5ca-474e-ac3f-24519d488f86,
6c9471e9-3931-44f4-8008-e0eb81221c00,
6c951026-5f39-4c6f-912a-d9859f93f22e,
6c9575bd-a474-45ce-80ed-85a0cdc0a7cf,
6c957e86-899d-4827-bcba-8498b88f82c5,
6c95ee85-f1d5-414e-91e0-fed558278e89,
6c9610b3-6cea-47fd-a865-dc7e37ea441e,
6c966eeb-a0bf-4a24-8ca5-6ddfacc0ee78,
6c967a4a-16ad-4cf2-b3e8-78149459ad5d,
6c96f155-fdab-4568-bcc0-9fb65f20b9a4,
6c96f6e7-0b25-4bc5-b8b3-636fb264c8aa,
6c98398e-5339-4517-90cd-cb727b996619,
6c9839a5-bbb2-44eb-9b8a-2b30ef0c02a8,
6c98c4f9-afb0-425a-96e4-a0e76f55f56c,
6c98e673-2856-4726-985e-6be0dd24776a,
6c990fb9-b92d-4606-a1a1-d5638234c7ad,
6c9921f2-576d-4a97-8c39-6a4409144bd0,
6c998051-2cb8-458c-80d3-77c1181214d8,
6c998375-4c74-4369-98df-eda3f75415c2,
6c99f3ad-9b92-4319-93d8-c8db258ee76c,
6c9a4d0a-f984-4f53-8992-7087cd73aed7,
6c9a4ff2-9817-43bf-a844-fdbb72bfe796,
6c9ad373-3f4a-4eb9-a192-07a089b3c713,
6c9b05ed-19a9-4f0a-84a2-36de52853d1c,
6c9b0a1c-f4c0-4d41-b18a-8ed97a990125,
6c9b3c0d-2225-4d95-bb9d-5b312df17e21,
6c9bde33-2d7a-4401-a551-ccd988804add,
6c9beee8-45d0-427a-a329-9a9096640fdc,
6c9c1ad9-bf3c-4beb-913c-fddd426675fe,
6c9c65f1-1265-448d-8c06-e8facb78ccc2,
6c9cba3a-c5f8-4617-ba51-af35025250e2,
6c9cea14-08a2-4b6d-9c36-dfe6bf1366e1,
6c9d3563-4ee5-436c-96f0-c310c66efddf,
6c9d37fe-dde8-4d03-8dc3-f1b39add58ec,
6c9d6a8d-e47f-4e3e-81c8-ba1b47a06a40,
6c9e7db1-76e6-4380-90ac-49aeadf16dae,
6c9ea003-459c-4dd8-a2fc-b122d0008d3c,
6c9ecf2a-c801-4305-ba8e-10872861fbcc,
6c9ed346-469b-4f34-af8e-41e30af738a0,
6c9f0fb1-4309-401a-9ad2-d0955ab1d764,
6c9fdc13-3986-4494-b4c7-05094c098b96,
6ca015af-e676-4ab9-af1a-3c434adcd5df,
6ca047eb-6545-429a-b3f8-2599499a559f,
6ca0fd4d-f42d-471b-9e2a-b916165fa735,
6ca12021-eafd-4e1d-9393-99d6430f7b60,
6ca164e2-5c6f-4b60-b5a6-2542b0b732e6,
6ca16cdc-b425-4598-a540-41eb3dcb12df,
6ca1a3ca-0036-4347-89fd-68f37a4ce5e5,
6ca1b7b3-0c3e-4bc3-b947-adc764d6fccb,
6ca24421-eef8-478a-b1c2-29c3d664a772,
6ca248de-ccd5-4841-9ae7-17d3c3e531e6,
6ca2ae66-022d-4432-a55d-35d39a913536,
6ca2b60e-8841-4e5a-abb3-0a92ec583c20,
6ca2f722-6831-4098-b6bb-434218c587f9,
6ca303c5-e692-4706-8789-07bc1bba5d38,
6ca320c2-8f26-4ca6-a8fa-9120b3e68f3f,
6ca32ae6-eb10-4728-ac9c-5e02f22cbf03,
6ca34c36-0aa6-4619-99a7-5667f4e2e95c,
6ca3cf63-1f3d-42b5-b3b1-8683d488f74d,
6ca3e4fd-ca75-4577-af47-1f2bb0db200a,
6ca3fa7c-2d07-4ad1-9fd0-3a7a8e831c5e,
6ca41d1e-0db9-4270-8d49-71a2f96da890,
6ca42cec-0c92-4e2d-aef0-5587f61ea216,
6ca4dbdf-b9b2-448c-b92c-8232143a8e2c,
6ca4ee70-3ff6-4278-8fb1-cea0a7c29b87,
6ca51ef7-77ac-4125-b6b8-47a7e173ba79,
6ca530bb-78c3-42b6-bd2d-06d6f7b57e11,
6ca53114-db39-40ad-81dd-ba08cf2f7b41,
6ca558c1-d790-46e0-abad-c57a0d0af5cc,
6ca569c9-8397-46b7-88d0-01a27b07e977,
6ca59a2d-7f8e-4707-9514-bdde13ae0a25,
6ca5e247-5f47-4dcc-85ea-5f9792b28190,
6ca604dd-4504-4cd7-9181-d6f40ad42739,
6ca63cd4-8864-447f-bf9d-a592e259f903,
6ca75be3-6bc5-4181-bcdd-3bc1ad837f8f,
6ca761b7-e8aa-4c8f-bcbe-9825edf4f152,
6ca7b152-f52d-482d-9618-34e42d9267a9,
6ca7cc80-8d9a-4d64-8293-7f15bb29f44e,
6ca82ad5-5103-43ef-9993-f81244d26fcd,
6ca868e6-488b-4b97-a42d-547d5d97d6e1,
6ca8743a-fceb-4da8-a6a6-9be3337fd375,
6ca8a486-fd23-440e-9f7a-4a16c6248211,
6ca8c0e9-091d-473e-89be-db8d1d136cb7,
6ca8cc7a-fb47-420d-b5c0-767cb1daa0dd,
6ca8f0e6-c9d8-4c6f-a0df-1cbb63487422,
6ca8f15f-fa5b-493e-8c10-7dce123809da,
6ca9001e-2a69-4056-acbd-f4f809291507,
6ca9058f-fffb-41da-97c3-70e700dde341,
6ca95ea0-2d23-4885-a604-b86fa68d3151,
6ca9691a-f0c6-49e5-8af5-342c9be32896,
6ca97fcf-f266-45ab-a966-8b3f1e35245e,
6ca9af79-be4c-43bd-8e79-c825556f645a,
6caa31b4-adf1-4023-9cd0-6a873dff62ee,
6caa5c37-7744-4693-9c7b-b3118de1c8b4,
6caa827b-87c2-4303-90ce-59f1591b5776,
6caabfc6-6dec-4cf3-a236-01a719183b1c,
6caad122-dfc7-437e-9a1a-3cea1789abac,
6cab8175-706b-43f7-b163-76d2634739d6,
6cab9ae9-2f3b-4fef-bf55-5b59dabd5d23,
6cabf47c-49c3-493e-814e-b7f7b1f5e77b,
6cabf5ae-12a5-4834-a69a-ca271cb82b2b,
6cac7ec7-938b-42a4-9a5d-44cc61bf3df5,
6cac8143-b1f5-464b-ba93-6d1dc5ba7996,
6caceaac-b315-4fb4-8c1b-65090fc1eb0c,
6cad3c94-a068-4eea-af03-4d12bae634ce,
6cad43c6-0de5-4e00-93c8-745ee3db49ab,
6cad5d0c-af02-42f7-8503-f10e67f75555,
6cad620c-3919-48d5-886f-ba28b80c47ab,
6cada795-9f8e-4941-9a0c-8d01cd95592b,
6cadae8e-45b1-4af8-8ff6-ce337f64aed9,
6cadd65a-bc15-470a-b252-70a9b24db4be,
6cadd908-1d58-4753-8640-34d447f9eefc,
6cadee08-51a0-41fb-8003-1c042ee5236e,
6cadef56-96a1-44e0-a1aa-5e03f4833081,
6cae952f-f825-4cc1-9d13-9477e95441f1,
6caeda64-b45b-4a89-979d-6e9eb9e3b05b,
6caf5e5f-8c90-4254-bdff-30d9ebe18ee6,
6caf943c-835b-44ef-abbe-ffee229fc5e1,
6cb00b42-177d-45ae-9920-73a270c6695f,
6cb03959-6c2b-4e62-90a0-6262d76c8420,
6cb043b0-3524-4735-9a95-cd3e043d006d,
6cb0b7c6-f145-4f25-8297-ff2ab882de08,
6cb0c537-5a47-4105-9346-f12f31053dfa,
6cb0ee52-51f9-4b63-959d-d376601bc125,
6cb0fa2d-5935-44fc-a370-df23c64833f7,
6cb1341d-3cee-49b5-a6d6-d82248b2846e,
6cb1be23-9a82-468d-8029-4122f6888c9a,
6cb1d67b-5fda-4809-bf73-298dfb5bd2f0,
6cb22a89-69a9-4afb-8cd2-242108836557,
6cb242f8-7535-44ac-b1d4-0a16ac550c7c,
6cb2501b-c2a8-4a69-85fa-f273963c43bf,
6cb25a29-6743-4132-b66a-a8774d40d270,
6cb270ad-043e-42b2-842f-db94ad1304c1,
6cb2715b-a517-478f-8b74-7010c1a942d1,
6cb2972a-67d9-4ba7-a587-eea02818fbcc,
6cb2a131-3ea0-4f0b-bfc5-37e56113ae4e,
6cb2a476-51ac-498d-b727-be0dfffd3c81,
6cb2a5f0-dfa1-480c-bdba-5d27c66f1127,
6cb2b8f8-931d-472b-b0e9-daa756b0f7d9,
6cb2d5ad-2b81-46fd-8be4-0e91bade1f3f,
6cb3d194-8eb4-4be0-b208-1fc023aec050,
6cb3e8d6-4990-42ec-91e7-9de72d33bb78,
6cb3fbed-cca4-48be-b1cc-4a795d234037,
6cb4aaaa-1389-4e75-b602-c18bbea99e84,
6cb57817-c762-43c5-b022-43e5ec25e689,
6cb5c809-cced-4466-817b-b43d3d957a52,
6cb5d04a-0a34-4f02-8972-833249567db2,
6cb5d589-ef55-4664-b812-efa156fae38f,
6cb5f657-4662-4fa5-8be1-d438b313feeb,
6cb61b51-30fd-422f-b708-d81cbce3b71f,
6cb64606-8420-4e24-be87-ef21394fc57b,
6cb6a684-67b1-4aad-9582-a2a3ff5f4fb2,
6cb6f797-67c5-4d2f-9291-1e4edb08cdf1,
6cb70165-b5f1-40f9-9f31-55ce147785b5,
6cb72fdb-4a91-4cee-9c8b-bb3c4889d988,
6cb76cd9-f362-4077-9368-02acb122eabc,
6cb79cc1-ba98-491b-9cd4-8562912771b0,
6cb7ab25-7ece-45fe-94aa-c56a36378f06,
6cb7acc8-963d-4d87-9ea2-39a95f3af157,
6cb7c60e-78fb-4d33-96d2-2cb50bfe3b93,
6cb80958-35ec-4621-b86f-77daa377091f,
6cb81c14-b011-4c4d-b5e5-78a729898fd7,
6cb855c4-e5d4-443f-b63f-b08f1c2da86c,
6cb85b44-1314-4974-b313-849ad744c695,
6cb87f9e-eac5-4830-a614-bc5ccf28ca52,
6cb8ba1d-a866-4427-a14e-ef32cb3ea885,
6cb8db11-6fcc-4a47-ad97-04baa04d8ba0,
6cb8e99f-25ef-49b4-bd2d-028c52bba7a4,
6cb925aa-345f-4f96-8e71-5af4c2b3b41a,
6cb947e1-cae8-4848-acc2-5dd64a0df0cc,
6cb9661c-be2b-4fa2-886f-07c8322d9b76,
6cb97955-bf58-44df-847e-70afdc152508,
6cb9bc0c-b434-4448-a1fa-bc248f52f1fb,
6cba0f16-9dc2-49b8-9170-7d9a3beffeca,
6cba25d4-56aa-49d7-9c01-5ae25613ba5b,
6cba55c1-ec9f-4237-ac3c-4bb43cfd1eb2,
6cba709f-d1a7-47de-8ab2-18253a17397c,
6cba7410-7170-4e35-8ad2-9ea31558d9fa,
6cbb50be-086c-4f58-a307-65e5c151eaab,
6cbbadee-1431-445c-b51b-900315c7838e,
6cbbceaa-1603-42be-b742-4b22b0d4bb48,
6cbc717e-d002-4ebb-af65-a253beb417b1,
6cbc9e2e-ea71-4f8c-97cf-aabe6951645d,
6cbcc803-e323-41cc-a3c7-8d31a2a28fa0,
6cbcd15f-0b78-45bd-99cf-cef5e0df7cce,
6cbce088-5ac4-4d1d-8646-5afd21592259,
6cbd2487-811c-4609-a2c7-c83608a963ea,
6cbd3df7-9dbf-43d6-a4bc-296d179cfa10,
6cbda3ac-185e-4446-83c5-2886298f9a16,
6cbddec6-acee-4e15-9054-4f6e313c5196,
6cbe3632-c025-47cc-94a8-eb450cc2079e,
6cbe5ba7-1d4d-4325-965f-d3f940d0b7c7,
6cbe91c7-396b-4782-8b42-2b7b35a81c21,
6cbe9d62-7760-4bbe-8fe2-d62648fa87e8,
6cbec58e-0fc3-4065-a8e6-92b643d4397c,
6cbf09b2-7964-46dc-92d6-0ca886106afb,
6cbf3d03-15c1-4b97-a1e1-a5932e8726a5,
6cbf4140-3ba9-45c7-b210-0e3651598150,
6cbf48d9-ba1f-4a4d-b6d3-478b3d9324d6,
6cbf9762-0a21-4614-839f-4fb11e1f6b53,
6cbfe4c7-9e8a-48d7-b910-4713f63d5e7d,
6cc00c10-1ca5-4008-aa68-e699c2fd28d1,
6cc06763-47f9-4ce3-9742-b2aa7fb8069c,
6cc080de-71fe-4cab-aae6-be90b5bb6297,
6cc098d6-4199-4a7a-9b0c-a1221ff35b04,
6cc0a608-1d17-46ba-86d2-3bdd1d604355,
6cc0bc57-e5b7-4256-9517-f906980bdfb1,
6cc0c6b4-7b20-43ea-8656-1e08a891dd39,
6cc10b34-9391-4f52-a89a-5a0eb33822ea,
6cc1b30a-ea4e-4ea8-99df-588d644df671,
6cc2028f-aabc-4662-bda2-cdf8aea5effd,
6cc23616-7559-4798-8023-8dc39cf16cb5,
6cc23a1b-94aa-49ce-a6a0-0fee6899fb5d,
6cc23f72-9931-4ece-9ab7-6d1947ca1888,
6cc3144b-1615-489e-8a2a-13afde6e365b,
6cc391ab-cb40-4ceb-a1a6-de018aaa0bbb,
6cc39755-04c1-4370-9b73-b25e8da335c3,
6cc40e45-f95e-4504-9efe-c9aec7966368,
6cc41429-c49f-4178-b3a7-b8e0927d3db5,
6cc479fc-7c1e-4211-81a2-c1aae074f64e,
6cc49aff-d034-4820-8fce-f50a7055e97d,
6cc4e600-7e83-46a7-bcc5-80e87355382d,
6cc5574b-f626-4bdb-a14a-3bf5af56e22a,
6cc59c50-7b2a-4932-9332-aee1bc664084,
6cc5e92c-23e7-4f03-a0f8-f8a42532b70d,
6cc5f24e-1857-48a5-ac96-425b66c7ea21,
6cc61e85-0501-4452-b2aa-6c344027fd29,
6cc68f8a-41cf-4be9-b07f-c073f2f2e5ff,
6cc6a531-228a-4e21-891d-2106dcea7096,
6cc6b8b9-f750-480f-84a2-43be22dab700,
6cc6d301-167f-4676-a9ba-89e4b2f0f8dc,
6cc6e0bb-a5ad-487f-8d5f-5c5b7f3356a1,
6cc73756-64d9-46a3-b37a-afed7697032a,
6cc7559e-b0c2-4863-87c9-89a1b1733d72,
6cc756ca-6d1e-4054-8266-4331cfe6a654,
6cc76386-b827-42df-9e98-b92853e3b4db,
6cc78d63-0c66-4c71-bba7-9703f68c7234,
6cc7f87b-0854-47a0-9bfd-474a5f830fd7,
6cc83af9-6281-40f2-920c-2b7136e6a786,
6cc86d5a-6129-4f70-8841-313e6e38f81e,
6cc8bdf2-8f26-4420-b84d-9e2722522666,
6cc8c6bd-0e36-4b3f-9531-d220735ac330,
6cc8d69f-fe7a-4b83-9b7a-e2dbdacc3ab8,
6cc8e3a8-40c7-4c96-93b9-f4a74a8026ec,
6cc92d9f-699b-4562-a267-54128a9a31b5,
6cc9331c-0a91-4bd4-9397-23860125c947,
6cc97a22-b171-47f4-82ab-69c28923e77c,
6cc98a6d-6906-4996-84c7-0da6918bc844,
6cc9b35b-5efd-448f-ba6f-3e12b67e6553,
6cc9db80-a7e5-411d-be55-15ccd9c9ef13,
6cc9e388-bc0d-417a-bec7-3f949e51b9da,
6cca0feb-78fc-432b-961c-d5a6f25cf34b,
6cca1d71-6100-4642-8218-6aa078f6be35,
6cca7414-149e-42a5-af36-a6907a83f432,
6cca8ebe-2d24-4766-9c7a-3744fb16d760,
6ccac6a7-2cce-477e-9629-ad73fc573ba4,
6ccacadb-d443-4ea1-9476-3c569918aa49,
6ccade5a-2f72-4c2e-ac42-88026f93d7f6,
6ccaeb7d-8a4e-4663-a2b4-342b5023a63e,
6ccb0e61-1ed0-4a3f-b1cb-3d20d12d5460,
6ccbcb29-5098-40ff-828f-1aece25477b3,
6ccbd0c4-3743-4d18-841c-c0922844de17,
6ccc4820-76c3-4b90-9765-8a3df0948ffc,
6ccc787e-65d1-4a92-a000-cdbbae54d11c,
6ccca979-e619-44ff-9844-189f51d06ed3,
6cccb71a-a1df-4763-b365-92267cc9940d,
6cccc572-0d46-4a40-9289-635f47f33bd3,
6ccd1677-3ee6-4a09-9506-175d98e39a18,
6ccd223d-f7ca-4825-8939-6420e5985aea,
6ccd6bc3-7a21-4ff7-9c33-1ec59fae4e18,
6ccd98ed-6ed0-4154-b599-32be9d44986c,
6ccdb1eb-54ff-4ed7-9f39-3cc1ff581848,
6ccdd576-20ae-4015-945a-09e77ce07b01,
6ccdf081-2c00-4656-b1e4-ce56e2d0695e,
6cceb86e-bd12-4edc-a693-7fa9489e316d,
6ccf03c3-4d74-4013-8ff7-89216cd8f12c,
6ccf42bc-a462-4994-a8cc-7d4f5746e596,
6ccfca9e-a801-4b85-bc77-5a6e8222783e,
6ccff64c-afc0-4f74-9765-ad857e74311c,
6cd09a44-b6ff-4494-afb5-d6571bd4ed4e,
6cd10a4a-7107-4001-8421-46438c07cac0,
6cd10f3c-518a-4e55-8bf1-974f2dca4829,
6cd141fa-2aa8-4662-bc9d-d5a4ae2aa4d4,
6cd145b0-e42b-4cfe-a2d4-0c3a635ffba2,
6cd1a24a-88fc-4cfe-8745-b08bc4395e9b,
6cd1c650-7f46-4bad-a754-302e73690020,
6cd1dc16-cf66-455b-a246-a789cbdf2eb0,
6cd1f013-af6d-479c-abc9-9680cd93beef,
6cd20309-7381-4a74-9122-64d543dbb4b1,
6cd23f99-153f-4dae-b7d9-c69da4a14e01,
6cd24ce1-c105-430f-8412-1fbf315602f8,
6cd266bc-6031-4f56-b37e-4d5f1cb83797,
6cd28b2a-7b04-4e81-9699-366f6880b924,
6cd2a705-a1d6-4f44-a056-bf3c5aed3e79,
6cd2ac35-8ca1-4aef-a355-4254cf1123c4,
6cd38a3f-cf29-4d10-b9d3-6f2e4aac6b31,
6cd38ad3-4333-4f58-9f32-3535e075108a,
6cd3b380-0d31-4d8b-ac1f-3daeb8f94096,
6cd3c617-96c2-471e-8fd8-3233996abc52,
6cd3cc83-05f7-4d78-aca2-c815f7734796,
6cd3d3b5-aa17-4d9c-8a45-662b0e008e1b,
6cd3e841-d946-4b1f-ab2f-0225de1ce293,
6cd44aa5-d507-4d4e-9b36-7a3b109e0863,
6cd47e4d-e5dc-448e-a4e4-e825298b7ca1,
6cd4957a-75a8-4172-bbb0-07a1fa635c92,
6cd4f80c-727c-4f44-9474-cb4a714468b9,
6cd50d90-9324-4af0-b4d9-1da2e64e43ec,
6cd5170f-6f04-408a-a931-2918ace40629,
6cd518bd-004d-4616-b8ad-af3daeb513c4,
6cd5ee3d-8c5d-4af6-8990-d5c18a99e121,
6cd6c527-f511-4792-b320-a2f2d08119fd,
6cd6ffd0-13d5-4de3-8525-c9f7a7b130eb,
6cd73295-d62f-4891-bace-818e6c38a6f6,
6cd73656-714d-4caa-906b-1307f0dff663,
6cd79966-9b46-495d-b87d-411a7642f655,
6cd80517-bfee-4a8b-be49-7a29ee1c98cb,
6cd80b88-3324-4349-8a0d-95520b79cda4,
6cd83eeb-e112-47bd-9526-c7c02daa40fd,
6cd8543c-538d-4839-abbb-bdf730c2309c,
6cd89ff2-0404-45d3-8675-501d29f9a17a,
6cd8ba44-5aae-4ef0-9ec5-98fd1c5dc584,
6cd93d11-ae32-4ac5-8d71-87554d781a0b,
6cd94cad-b8c6-4039-87e4-003362bb4b76,
6cd99bd8-441e-459b-ae11-a69fef1b281b,
6cd9a437-01fc-4e79-81de-e5fbdb737fb9,
6cd9ade3-c908-4315-85e7-7917a2013bb6,
6cd9bc67-7ff9-470a-bbd6-14d77e984625,
6cda0c67-8d1b-495f-bdf7-738670acc4a0,
6cda52c6-ca71-43a3-a9ce-b8171be4351a,
6cda6fb4-cccd-4a47-9cb2-c8859de8390e,
6cda7c66-1951-4cc1-a288-383faa16b9bf,
6cdaa952-fc24-42ad-bca5-3de9b55f1354,
6cdad1ec-000e-436d-8853-7f3a956b4c12,
6cdb6ce7-4840-410f-a6a1-124010fc6470,
6cdb9822-cb16-4964-ac03-d0f79cebcac9,
6cdc06fe-f724-455f-beae-44582f04b012,
6cdd1635-9ed5-4a72-8f64-d4e99c147d09,
6cdd2535-c65d-4cbe-8c3d-25f818ec4b5b,
6cdd7c4b-1d76-4e1a-b3a9-3b5e6c681c3b,
6cdd7e5f-3621-4959-827d-1a856980918f,
6cdd81d0-2757-4458-89c2-1c8925aa823d,
6cddcf31-9bd9-45ac-b96d-b6508da39d51,
6cddfbc0-0891-4298-85d6-d8f575f7470d,
6cde85f3-8935-4c8d-8c48-103394290991,
6cdeb10c-fba8-4aa4-9e07-d08b03fe4f16,
6cdef936-ed0e-42f3-8361-182a7bb8f580,
6cdf86bf-2623-4df2-8caf-7b8fa6c17607,
6cdff42a-5f86-4fa1-a542-f1d3ce69a9d9,
6ce01182-df4f-4418-b563-3d46b7082559,
6ce04fa2-6a89-47f4-bee8-194bef243434,
6ce0a409-3f36-4eae-97c9-bbf410fb03f6,
6ce0af84-9b07-488c-9653-62571ee70aa4,
6ce0b31d-aac4-403b-86a4-ca878dfc465f,
6ce19890-9bc3-470e-9205-3bfb90a63981,
6ce1b8f0-f845-4001-bf01-ec02e867a67c,
6ce1cc37-da0f-4207-b2c3-590abaa7fecd,
6ce20a72-2716-4f77-affd-0640fe9a76a4,
6ce23836-0488-4ef9-af79-f9e4c470c3bf,
6ce24a62-641d-4741-a672-55b890fcd2da,
6ce24e4c-1f8e-41ed-9da7-db4b250b9af2,
6ce27672-4138-478f-98bc-fec32e3e3e6e,
6ce2b118-94ba-45a5-8826-170a13ecfb44,
6ce33faf-3b62-41a4-b40d-afa0264be02c,
6ce34752-f281-447b-9037-72759b23e468,
6ce34c6c-f37a-4606-bff7-61085b84a9b8,
6ce34fa9-6ea6-452b-9baf-138769b97bfb,
6ce3950c-b1bc-42db-ae58-40b9ec0b53c6,
6ce40d57-1d71-4896-b149-331f0faf401b,
6ce432a9-97d4-49af-92ce-cdddf8b4308f,
6ce445cf-6876-44be-b662-63c3e924ffde,
6ce4487e-5138-46b0-94dc-4a97a31306f9,
6ce4599f-54b7-44ca-bf61-e19e171c6524,
6ce4828d-5b31-48c2-9237-58bdbf237d34,
6ce55026-2138-444f-9e30-ff895b2a0fa8,
6ce5b652-e146-4864-9f17-4ff81b38ece9,
6ce61ab0-ff60-4a6c-89cf-27c53ea8c6b7,
6ce62747-9648-4052-ba28-438791ff8c27,
6ce6351b-f191-4bc9-82f5-606242d84801,
6ce648bf-0988-403e-805d-3e4a3a2796f1,
6ce69982-386d-46f2-8f60-026b60b08aa1,
6ce6af96-17fc-4c40-a889-bc24489af5b8,
6ce6b680-3798-4ebe-b527-d9844ee0846f,
6ce6c2ed-86b3-44da-803f-9ccd09377fe4,
6ce70771-c463-4555-9f01-72451d50d7ca,
6ce779ca-effb-4212-843a-f9705202b110,
6ce79ef6-eba8-4677-a5bb-5d19c62b23c6,
6ce7bf64-bb5d-4476-94c6-9f2986019002,
6ce7ebdb-82b0-4be9-aff0-4c23062500be,
6ce80dbe-ba40-424a-874a-1916f7ec3302,
6ce8459e-6a9b-4210-9387-1f6c21f1c7c5,
6ce8db43-752c-4e9e-9cdd-77da5cdca8e8,
6ce9557a-7098-4009-b7dc-f236f954a9ec,
6ce9e510-1775-4870-a577-a483392ed852,
6ce9ea7d-ed0e-4db7-9b6f-bba1e8ffe544,
6ce9fb0a-7aa0-44b6-8244-926bfdade27d,
6cea0e90-5977-4f5e-9043-6a296dfadbdd,
6cea116a-3f01-4f58-85a8-79afb8b31c91,
6cea5bce-ef66-4c1a-95b6-52f27695a02c,
6cea6f8b-a8d5-43b0-969d-371aa6f3a42f,
6cea7bb9-94c4-44e7-bb06-90dbd2281d01,
6cea9425-a233-43cd-b275-3a96fe8c74fa,
6ceae3df-400c-49b4-a1cf-eca0e709cf15,
6ceb0b96-cce7-4e34-8322-e2796641b2b0,
6ceb33bc-785e-4d14-96b3-5b69c964668a,
6ceb4550-088f-4c1d-98c0-120c91eb4897,
6ceb4bd5-6eee-48ca-9724-43da9aa9e6e3,
6ceb76b7-402c-4914-9db3-e29fb04641a4,
6cec10b9-ddeb-4409-a6ae-acd40d29691a,
6cec82c1-faa5-46ed-91f9-07a2f9db65e5,
6cec8917-6bce-499d-869a-d0a200a76937,
6cec9e25-4100-42f2-b722-2efa0e9f0ad9,
6ced2e02-8a30-4882-81a2-e25cd71fe4fd,
6ced3bcc-f756-4907-af7e-48c96601b899,
6ced4edd-01e7-4962-be07-313c58b545b5,
6cedb24d-c685-460f-a00f-2b3b2a4fdab2,
6cee17d4-ca2d-4b3b-bde8-da353b188d95,
6ceec20b-b20e-4b30-9f15-ad54f6179fa7,
6cef89b9-96c6-45bb-a0bb-e45d39f0902c,
6cef9827-e76a-48a7-81c2-8ea23362455e,
6cefd3d1-fedf-4072-bb78-23382f1b8cbf,
6cefd83b-5bf3-4cac-8479-6556fcf354b5,
6cf015a5-e972-4c2b-ad20-21a7731edf51,
6cf01fd8-f9f3-44e8-bc2e-e72052391343,
6cf0268f-1956-4620-b6cc-15de8beb7593,
6cf03d71-588d-4d97-9af3-e52b4c3b8a98,
6cf08e55-6df8-4dfd-9868-881766b1013f,
6cf0926f-39f4-4a44-a5ad-be147900d659,
6cf0c8d2-8cd0-4cd5-88bd-6ed5836a18a4,
6cf18064-370b-4f6d-8b5f-c26b3b2b076e,
6cf18170-ca20-429f-99e1-7f77ac7efee0,
6cf197c0-4625-4c0e-8f60-c553ac5237f1,
6cf1ed25-4a77-4850-b255-a9f0601343a6,
6cf1ef68-7b67-4102-bba2-18547597b279,
6cf1ef82-1350-4ced-8a19-505f072fcb87,
6cf20c9c-a393-43ec-89ad-dfeea0c81632,
6cf2889c-bc3b-4feb-8a31-c85e447bec95,
6cf29686-5ffa-4297-b368-769690e5f08c,
6cf2a130-6166-42b2-a531-1fbaf20e85e6,
6cf2a167-142d-4c31-8ac5-4c57cc8e9f8f,
6cf2f009-81d1-4b79-9e72-dbd17e765eb3,
6cf3383f-6f6f-43c9-b2ea-20632cf78c90,
6cf350bd-92e5-428c-a955-cb48f5a58dac,
6cf38b59-41ae-434a-a2a7-bcbb261502c1,
6cf3ba02-4ce9-4062-9b5f-c5e981d3e890,
6cf3c912-a44a-4b9e-bb91-e593435e7657,
6cf3caa7-1346-40cd-b5e5-102b9a4b2e19,
6cf4093d-73c8-4959-a864-ea29e013626a,
6cf4117d-6266-4c01-8bf1-b6384eb6bcb8,
6cf437d8-ee22-4195-9858-00a11094df35,
6cf442b3-67ad-45ec-8265-bc7832e08e1b,
6cf48dcf-c1d4-491d-8888-0bd01b659e9f,
6cf4c004-f92e-44b0-9968-0190b9960422,
6cf5a857-1902-49aa-97c3-a5cb42368cf2,
6cf5fe95-f50b-486b-8d55-d1ac9a915363,
6cf64f63-def6-4644-8908-fe63f60ae74d,
6cf66cb2-060c-4839-a43b-ff42ec746540,
6cf6791a-4bca-4278-a698-ebbfac54545e,
6cf68162-4758-4d2d-923e-3e73bc5dc1ee,
6cf6a05e-0f2a-4734-9f3a-afd8187a1aa0,
6cf7bcf4-b442-4cc8-93c2-97a45aa5325b,
6cf818dd-dc52-47b3-b145-96ee17863f7b,
6cf84c57-b36e-4ef6-87fa-cea897753c50,
6cf86de8-5fd4-4171-af31-da4aed4bef19,
6cf88225-cfe3-41f6-8fcf-d1da8751ee65,
6cf8cf56-9dd4-45fd-9a7f-2307e2cb6ff8,
6cf8ea59-cabe-4066-9e2f-1f8596bb64a8,
6cf91fef-efb5-47f6-9ecb-de7e5073fec8,
6cf93ec0-fc6e-49a3-a761-d9ea66fc49bc,
6cf95663-ce47-4576-8817-88a6a98b25ab,
6cf97dd7-1d04-42f1-817c-7887dbf5d59a,
6cf99c13-baff-4b4f-8355-44ef23fbbfde,
6cf9d4d6-4591-43cb-8abb-47573669ca22,
6cfa4a45-fd1a-43d7-8cb3-72cb383639df,
6cfa4eb9-6545-43b4-9a22-e07e4b268722,
6cfb2cb6-0c16-44d7-88d1-a8efedd8a4ac,
6cfb2f6f-d53c-4779-9d7c-f73c0ba257f4,
6cfb72e8-9946-438a-a150-7f4f5766b39d,
6cfbf090-a5ca-4877-b305-32aecdd1d975,
6cfc0417-b609-405e-aea0-72f6c0a7d6b5,
6cfc09a8-04b9-4c76-8756-c37e987779ea,
6cfc2a39-3061-47a5-b754-2ab92f3f7b40,
6cfc3515-bab5-44e6-a639-0004a3b2895d,
6cfc9817-adfe-4dc0-8b46-c18c724928a5,
6cfca991-a134-4f79-8dde-76271a0a1e80,
6cfcbba4-a90d-42ed-a7d3-896404270abf,
6cfd53a4-bad5-4518-ac75-90fc8d9761d2,
6cfd679d-c132-4aad-867d-fc357ed549df,
6cfd7b33-7492-4e69-89a6-89ba50d742b5,
6cfd9a27-7fe7-451a-b96c-abee35549c0e,
6cfe1d44-b409-4fe9-aff7-d00fb7784d4e,
6cfe7274-b88a-4dd8-a9fc-18cccc004b7b,
6cfe8086-b67a-4b95-94a8-1c14a1273477,
6cfebf15-335c-42fd-817b-a79427d44235,
6cfefa99-7950-4c34-85ce-0cf2415e6f15,
6cff0e0b-5f23-4c22-93ae-029cf7f1ca2e,
6cff3622-222c-4cd8-b26c-32bdb0b63fb2,
6cff707b-c122-41c9-97f7-6924660fc8d2,
6cff76a5-4a21-4d39-afb3-9cb6ba9d8c43,
6cffcfc0-13c4-4bf9-8aa1-0059acb33d91,
6cfff704-2f9b-4e6e-8a36-e78bb6fdb42d,
6d0032b3-7b87-473b-8708-ea8fea82274d,
6d00bd91-433a-42ea-8952-d6484d1c909d,
6d00d079-1a3d-42f5-9444-32c9e390cb48,
6d00e12a-a8ee-4248-b77a-343840b1ffa8,
6d00ee7d-d406-4bc4-889c-e6c2bd3a25ba,
6d00fc7e-914e-44b3-becd-91005420c38a,
6d014e89-fac4-495b-abac-4662dadaa33d,
6d0189d7-c43a-453f-9cd2-89bbce09144a,
6d018f38-c0de-4d7f-8f4c-6ce2e1e33556,
6d01c025-bba8-4cc8-b55c-58cb042c839d,
6d01e230-326f-40bc-99ae-a56ecd3473c5,
6d01e588-9924-4a1c-a1e1-d91b00d7efd6,
6d023c28-9606-42ca-a1d2-8d6be1595bbf,
6d02d49b-b1f4-4823-800d-adeda7aee97d,
6d030b6e-ecb4-4946-9ed7-0c96f80bb218,
6d031a60-3d9d-484b-9525-f23cb10b076e,
6d032258-c7e0-40c8-8fa0-212a849c7e91,
6d034aa2-af85-45b7-88eb-d37610e5b81f,
6d034ace-84dd-4ad2-8e87-6261ff7381a5,
6d03b467-8702-4920-9266-dcbd7ae2cb8a,
6d03ba44-d766-4033-9660-b1f941c48477,
6d03d573-ae9a-4607-93b4-86b8ffa38f9e,
6d0409ca-68a8-481b-9461-74cb264a1c55,
6d048f41-4e59-475a-8fa0-a89c5a3d4458,
6d04a86a-3cb1-4618-a4e5-7a253a0d3b5f,
6d04afe2-5286-4c81-8d95-3370c3df3779,
6d04c9c4-8e34-43ed-a3d5-f850742cd70e,
6d0594b1-561e-4956-9ba5-bc06db88fe6e,
6d05cd6b-0159-4835-9353-a3ca6e9dadd4,
6d061c73-37fa-4c9e-8451-7348f0451ca5,
6d0644eb-f029-4ca6-a83b-0fc515d1eb5e,
6d064ead-6d3a-4a40-a54e-5498d0384778,
6d066dac-d9cf-41c6-b152-bd0b5614edbc,
6d069c91-7791-43b5-9f98-320a352b6422,
6d07109e-3808-452a-a451-0385aed8fd35,
6d0769a8-efd8-4aed-8289-4c327e638607,
6d0773c6-b7b7-4426-8c5e-c38800ffe08b,
6d079164-0a03-4edb-9844-682b80cde56f,
6d0799bd-51d8-430c-af0e-87e2c311e7f5,
6d07ba5b-c5f6-4749-bd22-35199e4309df,
6d07deb5-c48d-4780-8f23-4d40e750e75e,
6d080e13-89c8-4462-bc9c-5300e158e629,
6d08402c-774f-4370-b809-a96006d9c6cf,
6d086aa0-5158-482a-bc61-76ad7ee470b4,
6d08db75-e96f-4eff-a02b-4ec698a9852b,
6d08ed3a-9607-4f1c-bae4-12567c98cf78,
6d093b96-5413-446f-b828-09ade5128382,
6d098a4d-3bb7-4e53-8032-72226e169791,
6d09aee0-0baf-4d36-9ea6-0a21aba9155d,
6d09b0c9-3417-4ce2-a378-568db85fae07,
6d09b160-66c0-4d59-91ec-f9abaf56ed84,
6d0a359a-f60e-4821-86d3-d4c9b64a1548,
6d0a36c5-99e4-4732-83d2-774058f08870,
6d0a3848-6c2f-425a-aacb-4bb1e79f98fd,
6d0a5a57-a882-4f28-b3dc-b516d0bb9a81,
6d0a74c6-3153-428a-9b4d-0e4f2895b5c7,
6d0acf4c-4f50-4633-b9e2-6930c28d4248,
6d0af616-597d-4b2b-84a2-4b9c4282703f,
6d0b3627-cb53-4155-9a4a-43ae57070e8c,
6d0b5985-3490-4f5b-85e0-2c5a8a411934,
6d0b7233-f69d-4193-9f43-106ded9f53d9,
6d0b95e0-ca9f-447f-824c-36826814082d,
6d0bbab1-2249-49ed-bd82-9de1fccb6c7d,
6d0bd730-aa03-47cd-801d-47d136fc0f39,
6d0c43b0-ced6-4cc8-9f66-f70d0cd7dc1f,
6d0c57b6-4ea9-4acb-a7a1-e9986ca3f0dd,
6d0ca34f-172c-4b0a-9729-80cbbd4c3fc0,
6d0cd63e-b6ff-41e9-9dbe-3b3689499464,
6d0d19fe-dd7f-427d-b32f-3273c08af9ef,
6d0db163-a6d8-41f1-910d-603e4e63a245,
6d0dcbe5-1f81-4819-af7c-10043c08e0e1,
6d0e6d6d-b574-4273-9c1f-979456933ce3,
6d0e6d71-ecde-4a54-b92f-a4d7195ab9f1,
6d0e83d2-9375-488f-826a-5b389c823db5,
6d0f13d2-cc77-40c4-b6f8-7b6a4a728ee2,
6d0f2a69-8869-4fdc-a65f-47ae6d302399,
6d0f493b-2ebe-4c2b-a7e8-6c486338a8d8,
6d0f7cdd-bb53-4948-a3c3-487b9f577da6,
6d0f8fd3-cea2-43ef-b287-0b3fa9aa09db,
6d0fbef0-0c44-41e2-805d-454c06ea6df9,
6d10db4a-4de0-4911-97aa-2815c51ce29a,
6d112904-9743-430c-b510-f38b0d6e761b,
6d114ed6-8677-4693-b3b6-826da2627c77,
6d115432-bee8-4cd5-ad41-1118ac733b96,
6d118a84-a028-4430-8eb7-ac521f812a45,
6d11baa6-f867-4d91-a5a8-84a19cef28c9,
6d1253ae-8c7a-4c84-a37b-36f0e6fb5c9f,
6d12f78f-4b05-48fa-8c3d-3ee56b40c3c5,
6d133a0e-50b6-4659-b9c3-9117704d939c,
6d136a6c-27a7-48b0-8ef9-5d73cf8a77ee,
6d138dad-72fe-4718-a844-cf85a91a8f70,
6d13cc0d-b497-431d-b15b-5e45031e237f,
6d13e1c1-33e6-4f62-a23e-bf0fd080534e,
6d14278d-04b2-4a10-a86e-fed314d85aaf,
6d145a86-4236-4b4c-92c2-4f89498152ba,
6d146194-8c4a-406b-a818-feec0de0e2e3,
6d147679-ac0d-40b0-9612-b468df80d7bf,
6d14a74c-f78d-4a55-ac58-5f7950ae96ea,
6d14d252-53bc-4016-98c6-9562fb85457c,
6d157ef5-6233-48f1-adae-46baa06abab0,
6d15ca86-d3ae-4791-a6b0-1de543193749,
6d15e6ea-94d9-459a-871a-fdf6598a7135,
6d15f7f9-578b-43fc-bed4-2ab61e22040e,
6d1619ac-3f15-4d89-a5a7-2306de73bfee,
6d163912-608f-4068-94f3-6e10318049b5,
6d16557c-1b98-4bda-9dbe-409dc04bec34,
6d166680-f70c-41ac-b004-f4332ad9a254,
6d16c0d5-22af-40e5-9eb6-f426848ac1e5,
6d171769-cf58-4cd0-bd31-0878a26d2543,
6d179699-0b5c-41e8-b2a9-3548753bf6e2,
6d17e85d-7053-4fb8-802f-964eeff66cf9,
6d17f1b6-25d8-4f1d-9853-53b5733583f0,
6d180318-086c-47ab-ab74-701d1f8d2b46,
6d183b65-4a8c-4fcd-a659-a32c16085cb7,
6d187acd-446c-4613-8760-66bc404417ba,
6d189069-0ca8-420b-8797-bd5f54f33cd8,
6d18a018-3e6f-416b-8841-a0a9045a0f71,
6d197645-18ed-4110-a01e-f294ef923104,
6d19ac45-ee0e-484a-bee2-ef726a4eb9e9,
6d19ec7f-e9bc-4573-9517-116494bb86c0,
6d19ee4e-9d15-451e-a88e-d2e95e466d79,
6d1a1a18-aca8-49fe-bdea-6802b37b3d92,
6d1a3aa4-b1ee-4a25-b3a4-c032510c80a9,
6d1a86cc-d998-41b4-9393-44c2be1aea3f,
6d1acbbc-a4c9-4a45-b114-8f7af45341ad,
6d1ae2ff-f661-4869-9bd5-564580ca7365,
6d1b10a9-1427-43de-b43b-b85852e7d62b,
6d1b228e-3c1c-4f2f-8ffa-6f5d51fd4c27,
6d1b823d-0279-445c-b45b-6e560742a89f,
6d1b9f61-f1fb-4c9d-88f4-d800fabd3bbd,
6d1bea31-c8f7-4522-869e-f094d51efe50,
6d1beabc-af76-47cf-89fd-2354302f1faa,
6d1c63c4-b18b-42d1-bb0b-2a6aa9f0cf34,
6d1c70de-7406-45ce-ab1b-134782b971fb,
6d1d0111-f4b6-4b58-8b15-aa75e96354ad,
6d1dd862-3f78-4225-b91b-714a9d0d060c,
6d1e1038-ab9b-41b7-bdd0-85072ade84d0,
6d1e7ead-5eab-47bf-9eef-0c0c5dd3eff0,
6d1eb9ee-abea-442c-b37f-1932c49b3eef,
6d1edf36-ff9a-444b-b29b-a6633015ea10,
6d1f2177-19d0-4cfb-885e-c0c011aa4e86,
6d1f2ab9-d29b-4a86-b81a-3492161bfcfa,
6d1f4394-5671-4646-8446-e5ffe1516bca,
6d1fac87-9ae1-4e72-a991-bc938c83cfee,
6d201112-64b1-4bc0-a68b-7ed124f8794a,
6d2046ac-a60a-43ef-9c1b-224ce619fb64,
6d204b26-8d76-4deb-8567-f7a2499bf2c3,
6d20b7bd-6695-4b6a-9107-5e8cf3e397a3,
6d2113d0-f65e-43c4-a24e-c2678ccfd6fb,
6d2167c8-e441-4741-9bec-ffa2497787b7,
6d216c45-54e9-4683-bf4d-1be511948568,
6d2191fd-ffd5-4b80-866e-3276c4290df8,
6d219402-2bcf-42ff-bafb-d40dd0822ae1,
6d21ac33-5869-47d9-b4ac-b5336b9214d0,
6d21dda4-8ab6-4fbf-90c4-d5130adf048c,
6d228ccf-381a-46a0-9274-9a35af3dfeda,
6d22c0b8-817a-429a-aca9-6198081e1c0b,
6d22cef0-634b-4759-a9c4-8b0db3f5646c,
6d22d995-a21b-4a8f-821c-4b2cd71476eb,
6d23f49e-f953-4994-8fa5-134ec35182ed,
6d241a65-c5da-4e79-841d-de728eabc882,
6d2489af-57b3-4734-82ed-bc87bf533c4d,
6d2530a3-d3ec-4bec-82d0-e0864f63fc03,
6d253181-8a5d-4bfa-834c-ea7c714c69fa,
6d2549b9-e5fe-4753-a501-96a021b809f5,
6d257872-42db-4d00-9395-33511e1f3b90,
6d25a1db-b9fa-4b03-ab3c-1dca51556a01,
6d25c641-cf19-4023-a0bf-0dc2f2e39209,
6d25e86f-e316-43f7-8799-7ff0fd08161e,
6d25ffd9-1f13-40bf-887f-8c214ade5caf,
6d26056d-40a6-4c0a-a611-673ad6896d11,
6d261c68-132d-4543-8b98-4a7a05089e1a,
6d261cd5-2cb2-48fb-a284-5aadeb22111f,
6d2660c2-dd80-439c-a256-6da1626bd81d,
6d267cae-41ce-410c-b103-62f7a1cf0e59,
6d26a9b4-bcfd-4380-b02b-fd547b85288a,
6d26cded-6612-4766-b76d-97a536fd00e0,
6d26f91d-6e36-40e6-a88b-b4b0361ebcd8,
6d270a3e-cccd-48ed-99f2-f6959831cca4,
6d273d62-ac99-4a76-8cd1-53964e2ec3df,
6d274431-dc37-4486-bd41-ae0382bb9adb,
6d2783d2-b2e4-4629-878f-42413718eba5,
6d27b3c8-a1bc-45da-a5f7-4042c84d493c,
6d27f84e-9e5c-4296-8574-79d453bcce44,
6d285931-10df-4307-a278-acefe34d0718,
6d286f47-e928-4904-b36e-41916df50b16,
6d2892b0-84d6-4fc8-8e60-c30d63fcf2a4,
6d28de00-f947-4db2-9279-84360389930e,
6d291eaa-2768-459c-b9ca-3e01b221c2e6,
6d2997ed-67cb-4222-a269-9138592cc84f,
6d29f270-0889-4dc7-89a0-f59a5ec0de75,
6d2a293f-b7d2-42db-871c-8df68a6623cf,
6d2a6a6f-af48-4ea4-9de3-83e9f8c9cc96,
6d2ab88a-4c7d-44f9-8e92-6627a9df240f,
6d2af0c2-8db3-4e7e-8d70-fa7679744d86,
6d2afbc4-d341-4383-adba-98dd233887fc,
6d2b485c-f12e-46a5-8ff9-372657f58f9b,
6d2b5287-f98b-45d6-8c96-dc344acc91a1,
6d2b801e-eea5-4dcc-b750-01acadfce24f,
6d2b987e-8b22-4a6c-91b0-acc6f5bbd0ef,
6d2c0dcf-14af-4288-8898-0f9713515b4c,
6d2c0f57-0516-446d-a779-a05e5b323105,
6d2c113f-b85f-41c8-a008-a33d716c12f8,
6d2c1e1d-c401-4487-a9bc-5dbc26659a97,
6d2c4f1e-6f51-4da6-a32a-15b1644be2f0,
6d2c5ce8-697b-4d20-98b3-6a424f45debd,
6d2c8238-2074-48c9-aafd-186ff43d1309,
6d2c8d97-3773-4de2-a95b-57068460f590,
6d2ca5d1-3e05-435b-807e-5086e3e8b037,
6d2cf9f7-97e3-44aa-8b63-6b9049d196dc,
6d2d9e12-8b4d-4ffe-af45-a6e32cd6c409,
6d2db59d-e722-413e-a626-f3bfa9b85bd5,
6d2e02d3-ac2e-47e3-b543-df3abdebb363,
6d2e2911-3581-43b6-97f0-72e9702e36ba,
6d2e32cc-c2c7-4185-ad78-38ce5d454209,
6d2e436b-3d83-4d01-ab63-0b538198b2c7,
6d2eb159-703a-4471-b8c2-4f46e7320a70,
6d2f52ed-ef09-4fc2-b7c3-859d1daaec31,
6d2f789c-5d0b-426c-91e0-3dc63d5ef9ae,
6d2fdfb5-8ecf-4cbd-a77a-96e22cf38b49,
6d302ac7-404c-4d73-9f57-7a5b16094a13,
6d304358-179b-49ce-811e-e2c86f078b3f,
6d304522-4150-44d6-911b-90def02df76e,
6d3072a3-2cf7-4296-8d8b-0d9adcafcc17,
6d30f443-579e-41ad-bb8c-7a60250c1d20,
6d312881-99f2-457a-81f2-96605bab2499,
6d316ed6-e282-4b31-8ccb-359e31b704a9,
6d31a140-fb6a-474a-a122-6aa8231c02f9,
6d31cd3f-32bc-471c-b6c0-c8aa3f0a0dcd,
6d323c1a-bc94-4a66-98ab-61386207898b,
6d324360-3507-4bea-8a31-ebd921c4cf55,
6d32645e-b5f9-4556-a59a-31925002a2dc,
6d327a78-365d-4cc9-9528-363cf1aeca7e,
6d32b2ec-0e2c-4a30-921c-4fe80ed55a55,
6d32e54f-41fb-4d42-afe2-ddefe954b95c,
6d33873c-a696-4f64-b11a-905048d85d50,
6d339f95-68c1-444b-ab94-bea41b7421d3,
6d34576e-60b7-4948-a6d3-c0585d204c1a,
6d348084-24da-4f8c-b529-9cd9ace2a4d9,
6d3500fc-04e9-44b9-a973-d2b4a16a6922,
6d3551e3-86e5-409f-818e-b5ef34004355,
6d3551ed-0b2e-4540-be23-df2ee18c7be1,
6d356ef3-4c1a-488e-abe4-a6f034dd1501,
6d359500-644e-4fe5-bdb0-3784cc5b74f6,
6d35e2b2-7d58-4f54-b4cb-73e82a7b8f4b,
6d35f554-9f67-4059-a6f1-1a1488eff1d5,
6d35f8b5-6ec0-4b84-b54e-24d888e3f5a2,
6d36255a-2f0f-478a-b5b2-b54582db72cd,
6d368a19-b0fa-4183-95ee-529c4498385e,
6d36fca6-c2e9-4166-8fbe-de150aded5f9,
6d371eb5-c541-4e87-a9df-ca9c123d5d36,
6d37420c-21c9-4fe1-a4e7-075d54aa78ba,
6d3781a0-9cb4-4bc6-9998-f7dbc7e1c32d,
6d37abe2-27a7-49bd-97c5-93d0e8fba14e,
6d385c87-be05-4457-ac9f-29e6234f7a0b,
6d38c1a3-c22c-430b-9e1a-b0df4c6008cb,
6d38d013-7ec7-44e6-b63b-844a8e56411e,
6d38ff1a-d3ac-48ab-8c47-e161567aaf43,
6d391566-fdd8-4fef-8c01-83d518bf714f,
6d394466-5fe3-4fc7-9094-35483d01d10c,
6d39a4c3-7469-47af-afa0-6fe39123dabb,
6d3a13bb-d0e7-4232-b08f-953ee55a99f8,
6d3a5949-d5d3-43fa-a96a-a627d1e412d1,
6d3a89bb-4dd2-4296-a4fc-b8f0edb6ef63,
6d3b4602-dd11-410e-9668-3c1866c44937,
6d3cd3d3-e7c5-4540-aded-fba0de920085,
6d3cdedf-333c-4cc7-9057-12f09ae79b2e,
6d3cea43-d346-4353-8d32-d5fce1cc6cf4,
6d3d51fd-8f8b-4c89-ba3f-cd59d8319553,
6d3e2347-5f71-4dbb-bc1f-24cc07b57385,
6d3e3db9-93d6-4544-a64e-536606aa6cd4,
6d3ec17f-0054-4ba3-bb85-5f582ff8878e,
6d3ef7b4-350f-4249-a972-793dd9bbbd25,
6d3f27ad-c8af-496b-b61d-d327dda94c34,
6d3f4b4f-62a0-4155-b5eb-2362228f079f,
6d3f5061-9131-4edf-b259-5ba80db51aef,
6d3f519d-827a-4931-a6e5-7bb8858d0675,
6d3fb8f0-5a14-4416-aad0-a420c1cc94f1,
6d3fd98a-f891-447a-964e-5f8a9904c60a,
6d3fe605-b8e6-4325-91c9-50a966ba6a87,
6d407150-4a83-49f5-baa4-e53b4e829775,
6d4082ec-c5a0-4657-b132-79ddcc21adb5,
6d40c807-6606-4de3-8765-7f730baa81eb,
6d40e71c-a664-4337-bd68-d14039f683f9,
6d40ef0b-430c-44d0-8d3d-81eb35af9163,
6d414d80-4fe0-49e2-8b99-f94c9ea65272,
6d41625b-218c-4142-aec9-54707b722728,
6d41a5c3-3989-4289-923c-932a58ade97f,
6d41e1ea-6396-4dc3-9838-001ae379142e,
6d41e9d7-d6b2-4218-9aaf-e8c212385a74,
6d4209b8-0180-4f57-a659-6996c9b2fa55,
6d42243b-2d6a-4224-840e-6e9188c25725,
6d426b4c-6ef1-4c10-84c6-84e8fab747ee,
6d42f64f-f052-4aea-924d-ace8b255740c,
6d431145-6e0b-41db-ad37-3804d892c749,
6d4312f7-5c62-42cc-bff8-0d68e69c3978,
6d4323c7-a3a7-4505-afcb-59a89f3f3474,
6d4365e9-0c91-4cf9-9dfd-7bae303e945b,
6d437b66-61d7-4150-b6ca-b607a50d5bc9,
6d43b7e3-3d00-4d7b-8bc3-74a17054019c,
6d43d716-376d-42e7-b60c-3dabef9dfb40,
6d43edb6-9cae-4d35-83ef-611c7dffba3a,
6d43ef07-9dd4-4a40-ad74-64f82c1b75fb,
6d44456d-9949-485d-ac71-16f8b228345e,
6d4455f9-59c3-40c8-91b2-50baf3a8b090,
6d446351-4f05-4a4c-a594-8d1758385efd,
6d446b50-cd6e-42ac-9287-17469372cbf4,
6d44b979-f7e3-4aee-82bc-5d4fa62d2e93,
6d44f567-55ad-45af-ae16-ea01dbb44cba,
6d458a9e-f367-4108-82e2-23c386884650,
6d45ae5d-762e-4f3f-83df-e4c41ff27623,
6d45f0dd-a48e-46cf-85a9-5c1da3364cc8,
6d470182-da33-4ff6-b3db-ec3e8a350aaf,
6d4706f3-9106-487e-ae63-2b4859ed44ea,
6d47089a-cb28-4005-947b-da2b732158c5,
6d4744e4-578c-4016-af2e-52d313bcf0db,
6d475875-9d6d-4ba1-b0ef-534474d28500,
6d475c29-abe5-41fa-8e1c-7a9cacc4f9e8,
6d47620d-c95a-40af-bf17-08198194e817,
6d47d7e4-a885-42f7-b0ee-19bc0b1f0572,
6d47f3ef-7e55-4e05-a8ba-c5599eb79a78,
6d4818c5-be57-4465-9445-aebf99408e2c,
6d482565-4dfd-4210-ad3c-aa0faf65665f,
6d48aa68-b966-47f5-b0fb-280b03d16b82,
6d48f369-b2b5-4725-ad83-2df3051ca651,
6d491d55-2967-4b5a-bb74-b12719c64df1,
6d492987-4d1c-49fa-95d5-3485c5e6067e,
6d494c13-9186-4438-a321-68d9dca7667e,
6d49ae8f-d1b4-48b6-9c01-014d91eda889,
6d49cc3c-94e4-4701-9077-914601dc9dfe,
6d49d90d-9092-42c1-8a82-b95d5f881977,
6d4a231a-14d9-408b-b498-eb2227e1fb9d,
6d4a2e44-d470-4701-8733-ae49d1159595,
6d4a588e-8328-4094-b468-6c2541b9ed16,
6d4a5e29-cd87-42c8-b414-b115f15aa5c5,
6d4a7fc6-6de3-4476-bbc2-9788e249616f,
6d4a8fa3-bd4f-44b8-9195-124b683813b4,
6d4aeac7-5489-492d-9748-bf26d22e8f3d,
6d4b19b9-be1f-4733-9290-b5cc65e4d2a6,
6d4b8a6d-f1a7-406f-83ef-a62921e732ac,
6d4c23fa-cd75-47f1-9277-56f80061cec9,
6d4c89b3-76d2-4539-82cd-134a9a359846,
6d4d0fcc-eda1-41e0-831f-6986dfcd6f1e,
6d4d536e-b85b-4232-ab9f-38f6479676ec,
6d4d6c01-bf1b-47d0-8e26-4890e4f7c698,
6d4e0c4a-96df-400a-a1eb-a9277e1e7d9c,
6d4e1b33-d1de-44c1-9a74-74418a13c600,
6d4e497b-1329-43e8-b5e3-121a4ad2bbc0,
6d4e7154-f4ff-4735-8580-699e509040b4,
6d4ea3ae-0237-4a51-930f-ca8cd7c59166,
6d4ebe86-8d11-4063-8222-1fc5b34d7c03,
6d4ec268-169e-41f0-a59d-0178ee4c314d,
6d4ece52-1c77-4644-a542-c5f187ad9faa,
6d4fc864-e786-4c19-919e-7cd164276bae,
6d500f8f-f058-4786-b31c-7e76c07fa7a4,
6d502fa7-20dc-444f-abe3-87bb0ac39017,
6d503086-0543-4857-863c-1c14e03be9a8,
6d504153-823c-45b2-8f51-4a4f43170f44,
6d505bde-251f-4eca-84d3-df2d23f7a56d,
6d5061b1-0c46-4178-8aa3-054e7bcdc3a1,
6d50658e-9c9d-49bc-82d1-844a86bfd5be,
6d509465-3c42-43c6-a6bf-08338f7fa546,
6d50e977-10d0-4384-91ca-1d0885189adf,
6d5113e0-da5f-4ba9-9a03-c42c7e1a4b17,
6d511f66-a532-45a4-b7aa-30cccc1fc47e,
6d5121da-3fe0-4d83-9b50-7bfbbfef2b36,
6d514eb8-a7c3-4dc5-9b78-a91fd67e0d36,
6d51623f-41ae-4de0-aa14-ed30db46a7ea,
6d5196b3-da35-4f69-9265-517e5532bca3,
6d51b17a-04b7-4921-bd32-e9f1c807ca29,
6d51b2e2-7e92-4a8a-9fe0-983670919f80,
6d51cbc7-f309-4de5-848b-7dd9f0f7524a,
6d5213b1-941b-4707-b4ab-e08b0314d3b7,
6d521c66-cfa7-4e88-8f80-c7e387575420,
6d5236df-1d29-43cd-b8b9-56d9ac3ac14e,
6d52fcd5-2dda-4b12-8b17-a9cdbc416f21,
6d531647-61cb-46a0-8a16-991693dc1d08,
6d531c17-0f24-4955-ace7-2c03f8dabad3,
6d535eab-7e21-4afe-a0f2-b3d4ef85be6d,
6d536a59-64f2-479f-bf1c-a1236efc6ad9,
6d53767d-6eec-4e3e-a12b-563007d80afd,
6d53932d-d5ab-4d35-8a65-7ff1e590c9ba,
6d539aeb-89d1-41b8-ba3f-cea5324e9cc8,
6d53fd4e-66f5-4801-aa2a-3a4d6727912c,
6d540959-456d-441f-b6e7-685d6f1f1296,
6d541b29-3c28-4874-9b68-26e7ed81febe,
6d54617c-29ea-45e4-9482-e6738e4480e5,
6d5461de-e556-4875-943f-e3a335cd02ee,
6d54783a-03c5-464f-9bee-b4a786b2945a,
6d554006-08cc-48e9-b447-438068dcbba3,
6d556edd-8fc8-4978-b2c8-17f4741a1d84,
6d559389-ab75-410b-8ee4-27bff55b3320,
6d55962a-c744-4472-aa7b-b59fe9bccdcf,
6d559e5a-fcff-4581-818b-12d21db4423d,
6d55e34f-4877-49dd-b204-722f15912f0b,
6d565378-687e-4895-b0a0-3dce94d32021,
6d56649d-0df9-4cbc-8038-da9b821ec35c,
6d56bb07-8354-4c9c-b739-acd7cc14ff28,
6d56bde0-e5cd-4924-994f-72ca035cf1ac,
6d56c9f5-e15c-4796-9263-1326f36bf009,
6d571990-666d-429e-b240-e1b7541b86af,
6d573b19-3fbc-4837-aea0-480fb9bce119,
6d573f57-4edc-4060-acc4-7439da22533e,
6d57457f-8957-489c-9020-6513cde8df66,
6d5766a9-fe74-4ded-92cb-c78b87d3b897,
6d576baa-9b2e-4389-a14a-853d657824b9,
6d5796db-62fe-49b3-8d73-0af18125f55d,
6d579b8b-26b1-404d-b685-15c6fbd32a99,
6d579f09-1466-453c-8e55-fb07470507c3,
6d57dc38-76a9-4fd1-ae7a-423917d965ec,
6d585882-7f20-4bfd-b4fb-154111b190a0,
6d58d74c-c5ea-407e-bfc3-41db8d2620c9,
6d58fc68-f654-4cf3-ba4b-8855f501aef2,
6d58fe91-72c7-438f-a648-7494ab36f5fe,
6d59237e-7efa-4b3d-a50a-c30766183c46,
6d59384a-d1e5-4e76-94c5-233a80c2ddc1,
6d59d1aa-b814-4cb7-bc1f-918889d72203,
6d59d7b7-ebdc-4d59-b004-3b1c60dbec3c,
6d59fe16-7ad0-43c4-adcf-a50128497b8d,
6d5a25e8-8efe-4465-82ac-3eea35bb6f5d,
6d5a314e-f862-46a7-b733-570ca4a83aa6,
6d5a6da5-b1b0-448f-9a61-ee3a52976f06,
6d5a7a0b-3eca-42c7-a52c-bfc5cb198a0c,
6d5aeb46-5825-4c51-a071-9c88d2c07f90,
6d5afc46-7975-4a34-a256-1044fb09d582,
6d5b152c-2862-4505-b4dd-9926e6c6400d,
6d5b395e-102b-433a-95e3-36d127ff3e8a,
6d5b424e-6355-425d-a175-4eba5a30e336,
6d5b75e3-9658-466f-b2a4-8597a10f8aa2,
6d5b87f9-5877-4be2-a0ff-a7c2ca92cd19,
6d5b9893-b88f-4cb2-8413-fb48906e08de,
6d5bfc0c-f0c9-4ddf-aea3-f23e533f037f,
6d5c525a-0a83-4e83-9b65-d2640f6186ed,
6d5c5b9e-8600-4b05-8afc-d87fa845ae01,
6d5c7f5d-e4ec-4db3-b51f-74d97a06bd34,
6d5c93af-219e-4d0d-aad1-905fa715256a,
6d5cac57-89cf-4faa-89d9-7edc4b130b08,
6d5d3d46-2bfe-499f-ab24-e5ce5e4904ed,
6d5d625c-9775-467f-89f7-8196896e5fec,
6d5d68c6-7e37-473a-a0dd-f668f53e3fd5,
6d5d7124-bddd-4792-9b33-14a832d7cf19,
6d5d9f2b-23e8-48c3-833b-dce5485b0651,
6d5e47e9-da77-4eb0-9950-a245f8bd8b29,
6d5f09a0-e3fd-4974-b14e-c3fc06e16571,
6d5f599e-4362-4cee-97f3-c955819e76ef,
6d5f9475-89fa-4a99-81a6-cbaa9d4b5847,
6d5fe882-b746-49d3-833b-3c9d6d440b63,
6d601150-5085-4489-8d3b-18bc7ca88133,
6d60b9b7-a767-42d4-95c1-1946913826f8,
6d60f054-7822-47b0-8e54-8a102bd1239a,
6d610972-a2ff-45e4-a7d7-f6391df2f322,
6d610e8b-67c4-42f7-89f6-a4665150b5d9,
6d612f6d-c0e4-4a0a-90ef-755f6f921d08,
6d6144cd-ca6b-4348-9a95-e929e7f6ac26,
6d618210-c539-4bea-82c1-0961bd7ec89e,
6d62248b-8d0c-4e1a-84af-480eff26a527,
6d622573-a83b-4688-a0ed-4325bd1ac275,
6d62497c-8280-42c9-9cb1-3caf74e7f3f0,
6d62555b-9e03-4df7-ba83-e75cf30316d4,
6d62b027-9de7-45fc-a527-f9517d2ed579,
6d62bb50-2afb-40ca-b47c-1a026beae679,
6d636879-cfd9-499e-a0dd-b59ff7efac5c,
6d63d12b-e177-4d62-b8f6-afe3cb84d178,
6d640797-a154-4ab5-8584-935e3b77a691,
6d641a0c-8735-4619-85be-948b0b86897c,
6d6584fe-120d-4059-b79b-dc8a4bf533f3,
6d65a3f1-2b48-410a-8c0c-91adbff05ff2,
6d65b03c-6aaf-487c-a633-9c5bd8512e89,
6d65bc67-fbe2-4516-ac01-87187dcdc316,
6d663f1e-8a2d-4b15-9896-ec1912bde5d6,
6d664d74-6cb0-4616-a060-a88a3aa42e72,
6d668ba2-8605-43b3-b306-bd4beafdc725,
6d668f6c-bf74-4871-9ca7-22a153ca8c2b,
6d66ac07-05bd-4f75-b796-368af7291025,
6d66b597-2cb1-4f20-9a4f-692aded90659,
6d676dfc-0c87-43ec-b70b-fac3b22bcccb,
6d6792d2-dd62-4042-8635-490156d46260,
6d67b80f-317b-468a-8b8d-8b5c274ec1e6,
6d67b87c-7a2a-4bd3-b60b-b596a78268dc,
6d67fbe4-4678-4cb1-b4bb-b6d42eb7e2d4,
6d6801a0-51af-47ef-b603-f6ecb0f9bee6,
6d68025a-c28f-49f5-a751-bc74f3a8ceff,
6d681646-6eab-4986-8790-299db4d70a15,
6d68253d-8306-470d-9ac4-6eab341697d3,
6d6831d0-0516-4d98-8643-3131354de4d0,
6d68349d-5bb8-4706-b930-6064a46eb27f,
6d68f15a-9264-4366-9b19-0f3349657d97,
6d6941bf-26ca-4d08-9393-8f7f5323eed8,
6d6a1688-17ab-47b1-ae3a-a7037fe862b9,
6d6a2e4a-fd70-4a87-838c-31a0efff6dde,
6d6a4860-083e-4392-8dc2-42ac98801684,
6d6a54f8-2f7c-418f-bc10-fd303aa781e4,
6d6a90de-d9e8-43b2-abef-6a63fd75a390,
6d6aec01-e157-4442-bbe9-13d89d53d0e1,
6d6b12a1-688f-468e-b6cf-5ea7bf0e81f2,
6d6b4ced-a479-4f68-a4ee-247cd5e12ed6,
6d6ba38c-1b0e-4ea6-a87f-da95c4ec5a13,
6d6ba853-f0e5-42fb-8218-b48b7d68807c,
6d6bacc7-dd1f-48c7-9af9-532a14103b10,
6d6c95b3-bcbd-4279-9065-13be2b3b9b67,
6d6cbd1a-f796-48f6-a81a-d2a0136cab6e,
6d6cf612-0453-4e54-907c-235a88ab695b,
6d6cfa84-24fd-4e6a-941f-daf6aa63412d,
6d6d0099-6aed-4f1e-b72f-250cf21a7f5d,
6d6d78ae-712a-4b8b-ae08-c20c956bdd44,
6d6dc41b-9b1b-46b7-b708-4c9f1b7e881f,
6d6e276c-3cc2-49df-9570-58cddad275c1,
6d6e45b0-cf71-467b-affa-758e0f0afbdf,
6d6e4c5d-9eb5-4c45-bd96-abb0a0bf2671,
6d6e55ab-b83a-427d-bbf0-3fad063166cb,
6d6ec7a3-cb12-4963-b8d1-082982d72f92,
6d6ef7a7-cbaf-4525-b4e1-3e05d2050769,
6d6f13c7-df56-4218-ab94-6597f55a7bf9,
6d6f3494-21b8-458b-be7b-f0a335ef6f0e,
6d6f68a3-4add-421f-b1fe-fa336f843286,
6d70675c-57e8-40cd-9644-70990d1da862,
6d709269-e1f0-43cc-a28f-4c0b5c834e21,
6d709ddb-dc6f-4b70-aab2-4ece4addd145,
6d70eaba-1491-4c17-8369-6e1b617767ab,
6d70eaec-deca-4cfd-a0b7-1b2f73505f04,
6d71d0fe-7104-452f-8fcb-727fa68737e9,
6d71fe10-4c6f-4354-ab70-7b153ef9569d,
6d72014e-4dc3-43e1-afac-995015efc091,
6d7252c3-ca41-4333-80f5-106d2b16b69f,
6d72792c-21b5-4380-b05d-d1b5b49fe349,
6d7357b5-2786-4121-adac-006a3c941fb0,
6d737f6f-eb1c-4e78-bd32-023f54474756,
6d74229a-9964-4ca4-8d9a-d3aafeef0db4,
6d743789-2b36-4041-aa1a-c998e255d100,
6d74d852-8476-47e9-b5b0-297b43eb1b36,
6d74e45e-5271-4fe6-84d1-824d093ab5ee,
6d74e5fd-5a3f-48d8-838d-a15ee6844b18,
6d750450-5da3-4be6-8eda-386f4e8bc15a,
6d7552df-8649-4c42-9af8-06f3457d82db,
6d766527-69d0-42c2-8d37-f8d015205607,
6d76689f-302a-41d8-bafc-90a10cab5ac7,
6d76fb57-9053-4b63-ad48-10010c5d646c,
6d770b65-c87a-4293-8f05-2cf11b674905,
6d771e52-1b85-4a05-a97f-7a479a7202e0,
6d77317e-daca-49e0-aeea-825f13c1266e,
6d773290-3f86-4c1d-a95c-84a781e62669,
6d775892-9f41-4d7c-9f19-9e760fa0f418,
6d77d10d-4158-4f6a-888b-9d0d9bc58b19,
6d782459-d334-4d54-bd0b-6352d8ef3772,
6d796200-822b-4bcd-acd8-ec0e49bc3e4b,
6d796622-854e-4ee1-ab0e-5eff175c7fb8,
6d799105-0e43-48c1-9589-9ee07e5ec6d7,
6d79c2c8-68ce-4c74-ab4d-53623e07d2f5,
6d79cc71-463b-4ea2-a30f-8f3e86744a23,
6d79ee25-30fe-48da-8acf-da9d792d725b,
6d7a1020-d4fa-4138-8965-3709f3373c09,
6d7a2f53-50d2-46e4-972d-e9acbd2303ef,
6d7a5f2b-e0d5-4452-baeb-bae560e45ad8,
6d7af2c2-758a-4797-a31b-44baf8519eba,
6d7b0000-1e32-4898-82f2-e21f296fa215,
6d7b5fc4-8102-414c-beae-3e08bb97be2e,
6d7b60d1-455c-4ab3-9f00-9a35679a848f,
6d7b747a-5f32-440a-a870-11503052eb4a,
6d7ba272-4092-4fcc-bb1a-b704b9c79fa9,
6d7baf17-eded-4f03-9577-f6c99ece6a7d,
6d7bb233-9541-4f32-ae58-95f23df546c1,
6d7bed5f-69c8-49d0-97f4-1099c70a1488,
6d7c0754-66c2-4b0c-a644-5f75ae14afa8,
6d7c0869-4d2d-4a90-97e2-46caa329ed2f,
6d7c3951-3fd4-4cdf-ab90-11d21866fe78,
6d7c6bdb-18f5-448e-a709-c2d490b02e85,
6d7cc1f5-d7dd-480c-99a5-299321a0924a,
6d7cf480-5793-4e9f-b6e0-cf5570d799dd,
6d7d0cbe-f64c-4962-8c05-31859ee443cd,
6d7d8e07-aa55-4633-9a5a-535bcdbfc1b6,
6d7e3d21-5027-4777-9cae-b38a9bc5c1ce,
6d7ea383-f086-4544-b59f-700d177b20cb,
6d7ead51-709a-4663-9c42-a57c4ca58870,
6d7ebd39-3e83-4a36-9be4-b42d677021f6,
6d7f0fd9-f07e-41cc-9c83-a71041569e74,
6d7f420d-9784-42b0-886a-89c6825ef58b,
6d7fbb7f-8530-44ec-8759-80471d135ff7,
6d7fede5-7c76-49e7-a392-f4d3bcb4d99b,
6d7ff40a-e02d-4453-84e1-ccbb9c415802,
6d80003f-60bd-48d9-af9c-4be486d940c2,
6d8009b0-157d-46ab-9bfd-6c791d779214,
6d807776-6abd-46a2-90cc-98922ef04647,
6d80a0f1-fd39-40f8-83cf-dca5743d3778,
6d811299-22f6-4e47-bc73-1c160549a507,
6d812f0c-9166-42c8-80bd-4d57dfa5f8cd,
6d814e60-799e-46a2-9633-a987ae08ae42,
6d8168f2-19bc-4033-83f5-e348e9e86a45,
6d81bbe6-2ede-4733-9601-7a67b8d752f1,
6d8208f2-b9a2-4f05-becb-f1a20f79e9c8,
6d826326-91aa-41ab-a7dc-46d689ca9c59,
6d827c35-45f0-474e-b423-a15841e43167,
6d828f82-0be1-4d12-918a-b7be7e2cfeba,
6d82ad1a-385f-4cd3-b7a6-1d65a58662d6,
6d82fcdd-aba2-4b12-b8f1-ad6e287f392b,
6d83b7e5-437a-42e5-9fae-2ed0f00dd939,
6d83e956-c12e-4101-a550-31dd14caecc6,
6d841519-8b1c-4bb3-b472-07b4c72f9850,
6d84345e-10be-4102-9a37-660d3220d080,
6d84a1c4-dd0f-4976-bfbd-da5b6018ad90,
6d851fe5-a772-4715-b4fe-1c2c11dbf496,
6d85348e-2685-400c-bcba-cb2693124d83,
6d853fda-ce66-44a8-8fd8-a1864be129bb,
6d862794-1bf3-48f8-85e6-fde0f687536d,
6d865322-427b-4701-8afc-1008ba0257e6,
6d866668-ea44-4284-8f9a-2e5330ce6c26,
6d8673c8-ff1a-433b-b9b4-81e1df4d192f,
6d869f2b-a72e-47a3-8357-f32cfc770847,
6d86b579-f35d-4105-a3eb-e4c7cd66863d,
6d86f9cb-a76b-4983-8f22-150c62f8f217,
6d871154-7eaf-446c-a7b2-d430bc8e1101,
6d87179f-9bb2-4560-b5b8-e306414d3502,
6d878d3b-be5a-4909-8fcb-a9238953f69f,
6d87aca2-765e-457b-9b6a-514bba26566c,
6d87df93-8b2f-40c0-825c-25612c9326f8,
6d87e86c-365f-4f41-b40c-862adc378c72,
6d8801c4-3817-4276-b8e7-23c5c408b3bb,
6d881b7c-a3b7-4550-a8f2-55af846424b7,
6d882043-5222-46c9-b772-a25df9f69393,
6d8828aa-fc7d-4afe-8d25-94913d1dce49,
6d884a21-61e8-4be7-a6d0-44be39ca4f71,
6d887e7c-45b7-41c7-954c-f0653cb8b702,
6d88a93d-8c82-4ce7-9588-d14000d9bddb,
6d896435-432b-43b0-a2fd-df99edf77cbc,
6d899746-508c-4aa1-ad29-795ac9ee1284,
6d8999ac-3980-40ac-9536-30c915dc95b6,
6d89c4f3-6e27-499c-9151-ae1c82b3f329,
6d8a10b4-3efc-4dd2-af09-52cc5edda915,
6d8a7821-b6dc-4819-8226-8ac32c1942a6,
6d8b1e0d-ed49-47c9-9104-eeca50c315bf,
6d8b2a25-b919-4e29-af52-43aff88140ec,
6d8b66bb-905d-4025-ac41-c6ec775c9491,
6d8bbdfc-006a-449d-9225-6bb78d831932,
6d8c156e-6816-4b34-b656-0f07d270f3fc,
6d8d5057-acbd-484e-951f-cef59d2a8594,
6d8dd670-0168-4672-8527-da7a76d9d823,
6d8e5fc0-b259-42f5-84aa-12b65ed4f9b5,
6d8e6314-c898-4bdf-97bd-4cb6d7fac38b,
6d8e8e77-d492-4013-ad98-b065fb063532,
6d8f1d1b-4152-4d2c-9a56-264cb531242d,
6d8f65d2-dffc-4996-be7a-a073283826ad,
6d8fbb92-e65e-4ad5-9229-eec5b6845b35,
6d8fc549-214c-4735-ab79-24bdb14a41bf,
6d901abc-4bc9-49a8-9054-519831c78206,
6d902f35-5a5e-48d1-8c61-ae4de8b29c4d,
6d9043a2-7f02-4b0e-8c72-310507b164d8,
6d909c4c-88e5-481f-b9d0-6db2293348e6,
6d90b35e-bc92-4b4a-ab20-646a5b8f19ab,
6d90bf41-558e-41de-a6c6-db8d580ae94e,
6d90fe47-a32b-4d07-a814-f864b4dea5b8,
6d911f1b-0a06-40ce-b2cd-8bc1b29bdaad,
6d91459a-d0df-411d-ae69-f4e79b9cc71c,
6d91775a-d1f3-4127-bb34-9ab904408559,
6d917e49-eb1a-4abd-9652-216f23a62694,
6d917ea6-f43f-490a-8e4e-600f0ae24045,
6d919ec9-f9c8-4d3a-9de0-dfab6f0077d2,
6d92169a-9c11-4d5f-b723-8ddba40a92e4,
6d927bd7-04c0-4f0c-a157-dbb829f388a3,
6d92aaad-ebcd-413a-8469-6af93c95d113,
6d92bf76-850b-4c2e-ab49-8516488a79d0,
6d92d99c-e4ac-4896-94cb-f9eddf4ff322,
6d9345ff-c3ae-42b4-b70e-b479c17f2511,
6d936602-47ca-479b-b0a4-6b704f9972bd,
6d936a12-3794-4675-88d7-fbf1376d2cc8,
6d938bac-5780-494c-b325-07a8cedcb29f,
6d93ae19-432b-49e0-8444-c4fb5a9d42ed,
6d93bd93-1e28-4e41-96d0-93bfee883ca0,
6d93c9f1-2ea7-4d19-9b84-1a5c44538bed,
6d93ce8e-bdf6-4c34-b007-9d553e3ad5cf,
6d940e46-39b6-4268-a3a6-7d16120732c1,
6d94e47a-4546-46c0-b5ad-70d42bb136a7,
6d951f7f-4c49-4393-8152-5467bc5a9f6d,
6d95e06a-2f48-4a33-854c-63ca847f2203,
6d960606-ca2d-4f8a-8606-6af15e2081a1,
6d9610be-eb57-43c5-a70d-f1d4ab19c853,
6d967060-30bc-47d6-be6e-a215aba54396,
6d96da71-0127-49b8-8071-dcca388cdbb5,
6d970c95-e625-4af7-ab24-d9fc8000ea0d,
6d97180c-4842-432f-a813-e05ab6cbb7c1,
6d9733e1-c8c1-4dec-b62d-84fd7c279a15,
6d9791e5-12ad-4c1e-8012-cbce07103b14,
6d979993-bc79-4539-8bb7-ed60f43159fe,
6d97c19d-f903-454a-bbf7-755ecfd728dc,
6d97d9f7-e0a8-4e79-b356-b7773681248f,
6d97f208-2ee0-4554-818f-18a1318cf447,
6d9810f3-a13d-48ed-829c-b2bfa69ade73,
6d982b7c-072b-48c0-906e-5f513484eca4,
6d98f623-e2e2-482c-ab2c-00eeda08f576,
6d991486-d2f2-439e-9461-cc31fc21a97d,
6d995aa2-ea62-4545-a10b-91fee65fb0d7,
6d997b60-588b-4b61-a06c-505e58e6f550,
6d99aa1c-a649-4537-be4d-c1329777f3d5,
6d99bb2f-1bc6-4937-8211-cef9e352b65b,
6d9a0801-12a3-418b-969e-efcf53ba4adb,
6d9a402e-f8f9-4efb-8520-0cef0c81f241,
6d9a4ca0-f30d-4ac4-ad7b-211e525f721f,
6d9a4cab-f431-4ed2-9965-ee5d26050d4c,
6d9a8d16-ad90-4776-90a0-352d647aefdb,
6d9ad25c-9f90-47a7-bf87-4166019f84d2,
6d9b0456-b27a-412c-976c-11016aa2f3d2,
6d9b0b55-da34-44d5-83fe-28c2918b87ae,
6d9b4352-5cb7-450f-96a9-ee4d3bb70401,
6d9b650e-6254-4ed4-82e0-3318255f0d34,
6d9b6eca-1a01-4500-a208-793d8b779613,
6d9b824f-38ed-449c-ab50-459e4c52076a,
6d9bac7d-81d7-42ef-8076-29eec346a2a3,
6d9bca6d-0c37-43de-8cfb-8a822ed4585e,
6d9bcdb8-1625-4486-81ae-15806a2de283,
6d9c751e-b505-489f-a798-66f58e519890,
6d9d06e4-a03a-48df-b3ee-c8d8a75f5013,
6d9d2cb2-381d-4b93-a927-d56191da9f82,
6d9d61d2-465a-4830-bb32-db392a1b9b06,
6d9d8ebf-efcb-4e23-bcd6-fac3192a0dc9,
6d9da6da-9daa-463a-b4f6-df34c93fa23b,
6d9e27de-0581-4c86-8cd7-80076d16eb91,
6d9e2ffa-3090-4f41-89d2-197bdde19dd1,
6d9eccf6-dc6d-4a33-9145-dd760dd3978c,
6d9f4099-4804-4739-ada4-2af8480bbf3a,
6d9f7614-608f-4ab1-a779-cd9886e272fb,
6d9fd4c8-7885-44c2-87fc-3d493a3bb6ec,
6da00ca3-84fd-414f-bb96-e5881410bc8a,
6da04fef-84d1-4b92-9bb4-99a148d97a9b,
6da06300-139b-4b2d-a571-dbc7db9c76a2,
6da077bd-ea4e-48fb-9c29-7b5bdb0227b1,
6da0c3cd-2a1b-472b-814c-07c04832a789,
6da1431c-4edc-4911-9928-72a82e506034,
6da1c8aa-3498-4a4a-9ad8-8b3ca2d82a18,
6da1cb48-07ec-41dc-8cf2-fd295a5d66db,
6da21c6a-6eaa-4fa1-b664-b670f6f29cbe,
6da2314c-3d9a-45b9-a1fd-f8cef338e81c,
6da24fb8-5b62-4913-a8fd-f8f56d771699,
6da26659-06c4-487f-ae6a-4a2353032862,
6da26929-04d3-4b5c-ad41-c921be97f545,
6da27034-9e98-4ed2-a603-0c9115d8f3cb,
6da2c653-61f5-44e0-9546-fb83c3db5b8a,
6da2d4d6-ddd6-4164-8141-152024049ea0,
6da2dbf8-2537-4c56-9edf-bdcf808a0bdb,
6da2eee9-1957-402d-a599-23fd73b6ed59,
6da36b19-11a6-40b4-9b74-94c2b1ecdbe8,
6da38939-b5fa-49aa-ae68-dbb154a0b800,
6da390d0-2484-4c70-a447-9c7d8a46e258,
6da398c1-f629-41ea-8692-f6ee92ed4bf5,
6da3d275-13c6-4d3c-9f28-0eab922ef5a5,
6da3ebc7-c0b6-4552-9dcb-488560c80f85,
6da41842-0ad3-4ce8-b93d-fa2cb45e9c00,
6da435dc-8ebf-460d-bb7d-52d1b8f74a52,
6da440ed-319a-4ae1-afea-f39d0951789f,
6da47f5a-e898-4dc9-8d29-2fa9a00cff25,
6da5038c-745a-413f-b953-e6bf9943a7a1,
6da51da9-caba-41a4-8e91-6f960e322a1a,
6da5540f-5ea9-4520-a436-f956a6cedf97,
6da56e60-76c2-453e-a110-b72b749bc391,
6da5daeb-7184-4d5f-a383-c63d8c2e3c39,
6da6630f-f194-42f2-a500-2d33188ea5a2,
6da69f01-6ee1-427f-a5d5-90683d0c5b6b,
6da6add4-7025-4c56-b72e-60fe367b09ac,
6da6b89e-d4d1-40cb-be8f-a196353e3a8e,
6da76f46-1064-4dea-a874-b20a6077b771,
6da7ad22-bd16-4d77-8138-eeb6c8cf5f84,
6da7d85b-c5da-4fd8-8bf6-5f12837eb4ae,
6da7e2f5-c7eb-47ac-9ab0-8661407a463b,
6da7f562-2489-4fde-a2e6-d9f64e843525,
6da809e4-44b7-4d01-b8ab-baaa711e052c,
6da830a4-e72c-4ec4-95aa-6efce9a2aba4,
6da8339d-e64f-4afa-bcc0-4eb541c0007c,
6da836d8-d872-4583-92f1-9bf4dd5cf9b9,
6da8bfdf-2f0b-4184-be8f-6ea7e0ca74c8,
6da957ae-ff4a-460d-abee-be1e7784e69c,
6da95d1c-ca5f-4b47-92e6-1d0f027441ed,
6da9e9f4-4402-4eee-9005-509ae3f2656c,
6daa079f-7ed5-436c-8a24-440081a1beb6,
6dab04aa-adae-4076-9ccf-0b64970454da,
6dab4696-920c-4808-adc3-2941772ea8db,
6dab9287-e388-40f5-bf34-4783fd48ef5e,
6dab9ec2-fc78-4461-bed0-ed8865dc31c6,
6dabfc3c-c0bb-4d64-a1ff-3d15333b17fa,
6dac00cc-c161-4ef1-93f9-c90d4af5fb88,
6dac33c1-0406-428b-bcd0-66e4b3856fe7,
6daca050-20bf-4f0d-acda-2ddfd5110677,
6dace6a6-a60d-41d2-874d-9fc7a3059083,
6dad3c8b-258c-4481-adcd-90775896628e,
6dad4d7d-8a12-4f7e-a8a9-d26847a22993,
6dad7db2-231b-4232-baf6-450dca0e9b14,
6dae107a-fcde-430c-a885-c2c9ad748c4b,
6dae27d9-255a-4323-8728-1d72f2543c8d,
6dae808c-2734-4c94-933c-c5a8b8341883,
6dae84a5-2186-4e58-bc7e-e64eddd07e75,
6daebfa8-d073-4ba1-864c-4b1941bda2f4,
6daf3d91-ed90-423c-a7fc-69b7e8c67891,
6daf514c-4535-40cc-95b8-e1b90037aef6,
6daf5805-ed5f-4ece-98c0-7e006665a83c,
6daf5a55-7caa-42ad-a3b6-3525b32295bd,
6dafc8ea-7ebf-4722-9aa5-e0d2cc61fb53,
6dafcad6-c7fa-4b62-96b6-1d21df704e7b,
6daff248-9f9a-40a2-96fb-9e5ab46210f0,
6db0d5c4-5b9f-48b0-ad63-c2921339d8d6,
6db101e0-b7f5-4068-a795-3e30fe5d0677,
6db10f56-9695-40cf-80b9-8083ba9ec262,
6db115c5-bcc4-4409-8481-06371b2ca784,
6db1d3b1-67e6-46e0-881e-b661ac82116d,
6db20330-8e6d-4f7f-996d-b9d1f3c9ad38,
6db2117f-3611-4401-afa5-80b878e807c0,
6db22713-a494-4e22-bed5-02ea395580a6,
6db22d8d-6362-46cb-8221-7e11a33da373,
6db237bc-038c-4e04-8f90-12555a6ac267,
6db2c01c-8a40-48e9-841a-70b6781c09dc,
6db2ec77-60cd-4b7f-a1be-f92665c2fe03,
6db31fae-1920-4883-a364-2b22c97d6623,
6db36155-5c12-4b82-b923-b27669edd89c,
6db39c41-8b1a-4960-a642-228d19935d26,
6db3b20b-eb32-46c5-9995-faea11464224,
6db4586f-0a2a-444f-83d6-23d0d0665123,
6db4f6d6-71af-490a-aaac-e5711d8e9a4e,
6db54fad-741c-4329-8303-bc54d6271864,
6db5c3ca-6170-4abf-b5da-9c98f335151a,
6db5f3b2-7074-4693-9111-e177d5e30817,
6db61784-5c01-4b7c-9ff3-08cdf79c7d8c,
6db61fc5-65a9-47fc-80af-70a0e8159750,
6db63e84-666d-4a91-a1e3-828b59ada423,
6db6f08d-c697-41e0-ba05-d58982689b6c,
6db6f14d-c834-46b6-a546-16ccb5f5e73b,
6db79b79-9515-485b-b872-d707a35ce12e,
6db81004-57c5-47b3-b4c7-7eecf6eef24d,
6db850b4-041f-415c-ab4b-fffc446c978d,
6db86adf-8041-4d6f-9d85-9e1c21131a09,
6db87fd9-b8f0-44ee-a91a-d27170cb7a0c,
6db8ef62-de14-4dac-b8d3-dd1be6aef236,
6db9186f-a957-47d8-b792-c11195c758b2,
6db9361b-66cf-4eb6-be8d-ad1f85aadd69,
6db97659-b8fb-4666-8cc9-69677b2d1e90,
6db99a42-baab-48cf-aa90-81d3eb9035a0,
6dba51cf-3a84-49a0-a4f2-1d2a05a52e12,
6dba8e14-9aa9-4d73-a346-94c76592a1d7,
6dba9292-beee-49b6-866e-9f87cdcf69ed,
6dbadcf0-da1d-4f99-805f-76336aad1ef7,
6dbb1d9f-0855-46c0-a19a-f5d85f633045,
6dbb6aa6-37f1-4c81-8e00-86fab71ed0ca,
6dbb87d2-dc05-4678-8a02-36245135f9ef,
6dbba796-00b6-4ca9-818d-8463c3a486b2,
6dbbdf1b-182a-458a-a86e-46b5f1f29946,
6dbccd68-14fc-4362-a7b0-f83170f9d1e6,
6dbd02c5-4704-433f-8d6d-201f4afbbcc1,
6dbd4b57-1321-477c-9ccf-d15675068097,
6dbd54d5-1189-45ac-aaf1-133af2eeddd2,
6dbd6365-6629-4e50-9f4c-d385d829b99d,
6dbda9dc-556e-409a-b18f-fd6e8aead8af,
6dbdd42f-abc9-442c-8e6f-35681316d59d,
6dbe0209-5851-46df-a5a8-60797758e0d1,
6dbe1bce-d07c-4e0a-b819-325444c6855a,
6dbe3991-a050-4733-a6be-0cc8ba7c590a,
6dbe3e1d-27cb-4070-a57f-098febe268cd,
6dbe7c1b-098c-4af9-b886-ca32795d5994,
6dbee684-bca2-49a2-8f14-55aa1f6d35d5,
6dbef8e1-fb5f-45b9-87a9-08ddcaea546a,
6dbf1453-e4b7-4227-a3a5-8911986f2b33,
6dbf5747-eb2e-407e-bb17-944a21c0d0c3,
6dc041d9-89bd-4ea9-aec7-73c1114f5517,
6dc0851b-e0a6-4b24-93e6-ea2e100618ab,
6dc089c5-ae1c-408b-8a2a-3337f033513b,
6dc12b5f-ed6d-46f4-9ca9-06d4a0b6de64,
6dc16763-e25a-4c24-94fe-254c54a627b0,
6dc16ac4-aedf-4c17-8380-b19e1df1a817,
6dc1a31d-18d3-4fe3-8ade-74409231f8cf,
6dc1d7f8-d863-464c-99c7-133a7856abf3,
6dc1e726-8735-4499-b5d9-02c8657b0e40,
6dc21206-44a2-4c94-93e1-c15ae4060a27,
6dc22011-1c76-4dbe-8b07-48db98836128,
6dc27789-3865-4a45-b154-b51c095580f4,
6dc2a129-ba53-4f68-bef4-f4981304fd20,